id,active_moiety_unii,active_moiety_name,unit,quantity,substance_unii,substance_name,ndc_product_code,struct_id,quantity_denom_unit,quantity_denom_value
4727968,7N6JUD5X6Y,BENZALKONIUM,g,0.12,F5UM2KM3W7,BENZALKONIUM CHLORIDE,26509-0003,3017,mL,100.0
4688902,4Y5P7MUD51,Octinoxate,g,0.07,4Y5P7MUD51,Octinoxate,13537-566,4236,mL,1.0
4686235,4X49Y0596W,OCTISALATE,g,4.9,4X49Y0596W,OCTISALATE,79753-059,4241,mL,100.0
4592543,Q32ZN48698,CHLORIDE ION,mg,20.0,M4I0D6VV5M,CALCIUM CHLORIDE,63323-164,4201,mL,100.0
4499723,0E43V0BB57,MISOPROSTOL,ug,200.0,0E43V0BB57,MISOPROSTOL,59762-0029,1817,1,1.0
4519786,KXO2KT9N0G,Pravastatin,mg,80.0,3M8608UQ61,Pravastatin Sodium,68788-7660,2239,1,1.0
4510950,22X328QOC4,FULVESTRANT,mg,50.0,22X328QOC4,FULVESTRANT,0781-3079,1255,mL,1.0
4582722,01K63SUP8D,FLUOXETINE,mg,20.0,I9W7N6B1KJ,FLUOXETINE HYDROCHLORIDE,71209-041,1209,1,1.0
4517040,362O9ITL9D,ACETAMINOPHEN,mg,300.0,362O9ITL9D,ACETAMINOPHEN,70010-044,52,1,1.0
4634578,K2J09EMJ52,PHENAZOPYRIDINE,mg,97.5,0EWG668W17,PHENAZOPYRIDINE HYDROCHLORIDE,71335-1661,2120,1,1.0
4650382,362O9ITL9D,ACETAMINOPHEN,mg,500.0,362O9ITL9D,ACETAMINOPHEN,58602-746,52,1,1.0
4727771,7N6JUD5X6Y,BENZALKONIUM,mL,0.065,F5UM2KM3W7,BENZALKONIUM CHLORIDE,10096-4423,3017,mL,50.0
4605273,GW89581OWR,FERROUS CATION,mg,27.0,R5L488RY0Q,FERROUS FUMARATE,42192-321,4261,1,1.0
4665335,3K9958V90M,ALCOHOL,1,75.0,3K9958V90M,ALCOHOL,79735-001,1076,1,100.0
4715968,95OOS7VE0Y,OXYBENZONE,g,4.0,95OOS7VE0Y,OXYBENZONE,10210-0013,3412,g,100.0
4756491,PDC6A3C0OX,GLYCERIN,mg,2.5,PDC6A3C0OX,GLYCERIN,68788-7611,1316,mL,1.0
4717316,95OOS7VE0Y,OXYBENZONE,mg,30.0,95OOS7VE0Y,OXYBENZONE,53329-094,3412,g,1.0
4749541,ND2M416302,ISOPROPYL ALCOHOL,mL,75.0,ND2M416302,ISOPROPYL ALCOHOL,75816-175,4215,mL,100.0
4505131,G3P28OML5I,tamsulosin,mg,0.4,11SV1951MR,tamsulosin hydrochloride,0024-5837,2562,1,1.0
4647820,362O9ITL9D,ACETAMINOPHEN,mg,500.0,362O9ITL9D,ACETAMINOPHEN,49580-0342,52,mL,15.0
4598390,CK833KGX7E,AMPHETAMINE,mg,7.5,O1ZPV620O4,AMPHETAMINE ASPARTATE MONOHYDRATE,0527-1506,195,1,1.0
4600312,EE92BBP03H,DILTIAZEM,mg,360.0,OLH94387TE,DILTIAZEM HYDROCHLORIDE,62037-700,897,1,1.0
4611738,MHM278SD3E,MONTELUKAST,mg,10.0,U1O3J18SFL,MONTELUKAST SODIUM,33261-969,1836,1,1.0
4645423,E6582LOH6V,FEXOFENADINE,mg,180.0,2S068B75ZU,FEXOFENADINE HYDROCHLORIDE,11822-0571,1170,1,1.0
4677076,495W7451VQ,GUAIFENESIN,mg,200.0,495W7451VQ,GUAIFENESIN,41520-985,1336,1,1.0
4597814,22IC88528T,LURASIDONE,mg,80.0,O0P4I5851I,LURASIDONE HYDROCHLORIDE,62332-497,4168,1,1.0
4669659,3K9958V90M,ALCOHOL,mL,75.0,3K9958V90M,ALCOHOL,74881-006,1076,mL,100.0
4576820,26NAK24LS8,HYDRALAZINE,mg,10.0,FD171B778Y,HYDRALAZINE HYDROCHLORIDE,70518-1685,1384,1,1.0
4538832,295O53K152,POTASSIUM CATION,mg,300.0,660YQ98I10,POTASSIUM CHLORIDE,0338-0807,4199,mL,100.0
4703482,5W7SIA7YZW,LEVONORGESTREL,mg,1.5,5W7SIA7YZW,LEVONORGESTREL,64122-605,1572,1,1.0
4589983,L6UH7ZF8HC,risperidone,mg,3.0,L6UH7ZF8HC,risperidone,50458-335,2389,1,1.0
4729388,7N6JUD5X6Y,BENZALKONIUM,1,0.1,F5UM2KM3W7,BENZALKONIUM CHLORIDE,79681-009,3017,1,100.0
4587095,K3Z4F929H6,LYSINE,mg,263.0,JNJ23Q2COM,LYSINE HYDROCHLORIDE,63323-712,1622,mL,100.0
4586130,JFU09I87TR,VORICONAZOLE,mg,50.0,JFU09I87TR,VORICONAZOLE,72578-062,2846,1,1.0
4560420,935E97BOY8,FOLIC ACID,mg,1.0,935E97BOY8,FOLIC ACID,50090-3581,1231,1,1.0
4536829,5Q7ZVV76EI,Warfarin,mg,7.5,6153CWM0CL,Warfarin Sodium,51672-4034,2847,1,1.0
4506382,142M471B3J,CARBON DIOXIDE,mL,998.0,142M471B3J,CARBON DIOXIDE,63961-010,4256,L,1.0
4524612,569DQM74SC,ACETATE ION,mg,170.0,4550K0SC9B,SODIUM ACETATE,63323-714,4203,mL,100.0
4565828,A4P49JAZ9H,OFLOXACIN,mg,3.0,A4P49JAZ9H,OFLOXACIN,68071-5150,1981,mL,1.0
4531577,55JG375S6M,PREGABALIN,mg,75.0,55JG375S6M,PREGABALIN,43547-508,2255,1,1.0
4572948,7Q3P4BS2FD,LISINOPRIL ANHYDROUS,mg,10.0,E7199S1YWR,LISINOPRIL,53002-1123,1587,1,1.0
4628374,01ZG3TPX31,BUPROPION,mg,200.0,ZG7E5POY8O,BUPROPION HYDROCHLORIDE,43353-189,435,1,1.0
4558173,8VZV102JFY,FLUCONAZOLE,mg,50.0,8VZV102JFY,FLUCONAZOLE,68001-251,1187,1,1.0
4633656,I16QD7X297,NEOMYCIN,mg,3.5,057Y626693,NEOMYCIN SULFATE,69396-071,4247,g,1.0
4714323,92RU3N3Y1O,DIMETHICONE,mg,80.0,92RU3N3Y1O,DIMETHICONE,49348-188,3152,1,1.0
4595395,N762921K75,Nitrogen,L,99.0,N762921K75,Nitrogen,25373-002,4251,L,100.0
4777006,V06SV4M95S,HOMOSALATE,g,2250.0,V06SV4M95S,Homosalate,72036-929,3279,g,1.0
4667188,3K9958V90M,Alcohol,mL,70.0,3K9958V90M,Alcohol,79756-001,1076,mL,100.0
4615537,98PI200987,LIDOCAINE,g,4.5,V13007Z41A,LIDOCAINE HYDROCHLORIDE,53225-1026,1579,g,100.0
4687414,4X49Y0596W,OCTISALATE,mg,50.0,4X49Y0596W,OCTISALATE,73434-001,4241,mL,1.0
4597067,6YKS4Y3WQ7,HYDROCODONE,mg,7.5,NO70W886KK,HYDROCODONE BITARTRATE,63187-658,1386,1,1.0
4711107,Q80VPU408O,FLUORIDE ION,g,1.69,8ZYQ1474W7,SODIUM FLUORIDE,61508-0167,4243,g,100.0
4617929,VG2QF83CGL,MELOXICAM,mg,7.5,VG2QF83CGL,MELOXICAM,50090-0985,1676,1,1.0
4649668,362O9ITL9D,ACETAMINOPHEN,mg,500.0,362O9ITL9D,ACETAMINOPHEN,69517-107,52,1,1.0
4650111,362O9ITL9D,ACETAMINOPHEN,mg,500.0,362O9ITL9D,ACETAMINOPHEN,29485-7358,52,1,1.0
4672339,3K9958V90M,ALCOHOL,mL,80.0,3K9958V90M,ALCOHOL,74894-0001,1076,mL,100.0
4555075,1J444QC288,AMLODIPINE,mg,2.5,864V2Q084H,AMLODIPINE BESYLATE,68788-7259,183,1,1.0
4654918,3G6A5W338E,CAFFEINE,mg,32.5,3G6A5W338E,CAFFEINE,47682-048,463,1,1.0
4567898,BBX060AN9V,HYDROGEN PEROXIDE,mg,40.0,BBX060AN9V,HYDROGEN PEROXIDE,71180-002,3281,mg,100.0
4515028,2W4A77YPAN,FLUOCINONIDE,mg,0.5,2W4A77YPAN,FLUOCINONIDE,50090-3277,1205,g,1.0
4531498,55JG375S6M,PREGABALIN,mg,82.5,55JG375S6M,PREGABALIN,50228-462,2255,1,1.0
4602977,Q3JTX2Q7TU,DIAZEPAM,mg,5.0,Q3JTX2Q7TU,DIAZEPAM,50090-2249,852,1,1.0
4769846,8GTS82S83M,DIPHENHYDRAMINE,mg,700.0,TC2D6JAD40,DIPHENHYDRAMINE HYDROCHLORIDE,29500-2437,916,g,35.0
4640554,15FIX9V2JP,Titanium Dioxide,g,0.062,15FIX9V2JP,Titanium Dioxide,13537-502,4237,g,1.0
4755379,8SKN0B0MIM,BENZOIC ACID,g,0.5,OJ245FE5EU,SODIUM BENZOATE,76675-0006,4373,mL,100.0
4502302,0J48LPH2TH,HYDROCHLOROTHIAZIDE,mg,50.0,0J48LPH2TH,HYDROCHLOROTHIAZIDE,0025-1021,1385,1,1.0
4590648,K9P6MC7092,OXYBUTYNIN,mg,10.0,L9F3D9RENQ,OXYBUTYNIN CHLORIDE,50268-628,2028,1,1.0
4687812,93NOD9WBCS,2-ETHYLHEXYL 4-PHENYLBENZOPHENONE-2-CARBOXYLATE,g,75.0,4Y5P7MUD51,OCTINOXATE,52648-6175,4236,mL,856.0
4573135,7Q3P4BS2FD,LISINOPRIL ANHYDROUS,mg,30.0,E7199S1YWR,LISINOPRIL,70518-2561,1587,1,1.0
4776314,V06SV4M95S,HOMOSALATE,mg,90.0,V06SV4M95S,HOMOSALATE,58668-9918,3279,mL,1.0
4529778,4TI98Z838E,ESTRADIOL,mg,0.1,4TI98Z838E,ESTRADIOL,0115-1518,1057,g,1.0
4663864,3K9958V90M,ALCOHOL,L,75.0,3K9958V90M,ALCOHOL,75512-008,1076,L,100.0
4618191,VJT6J7R4TR,RIFAMPIN,mg,150.0,VJT6J7R4TR,RIFAMPIN,68180-658,2377,1,1.0
4760438,T6V3LHY838,MAGNESIUM CATION,g,1.745,RHO26O1T9V,MAGNESIUM CITRATE,72036-002,4281,mL,29.6
4512741,XF417D3PSL,ANHYDROUS CITRIC ACID,g,0.08,2968PHW8QP,CITRIC ACID MONOHYDRATE,43203-852,666,mL,10.0
4669019,3K9958V90M,ALCOHOL,mL,0.7,3K9958V90M,ALCOHOL,62257-061,1076,mL,1.0
4778505,98PI200987,LIDOCAINE,mg,5.0,V13007Z41A,LIDOCAINE HYDROCHLORIDE,10202-950,1579,g,1.0
4500544,0H73WJJ391,Topiramate,mg,200.0,0H73WJJ391,Topiramate,0832-1073,2706,1,1.0
4550900,9EM05410Q9,AMOXICILLIN ANHYDROUS,mg,875.0,804826J2HU,AMOXICILLIN,16590-017,192,1,1.0
4775419,V06SV4M95S,HOMOSALATE,g,10.0,V06SV4M95S,HOMOSALATE,61995-2007,3279,g,100.0
4585589,JE42381TNV,SULFAMETHOXAZOLE,mg,200.0,JE42381TNV,SULFAMETHOXAZOLE,70954-258,2514,mL,5.0
4663370,3K9958V90M,ALCOHOL,mL,80.0,3K9958V90M,ALCOHOL,78258-001,1076,mL,100.0
4774077,V06SV4M95S,HOMOSALATE,g,10.0,V06SV4M95S,HOMOSALATE,70281-123,3279,g,100.0
4782909,WK2XYI10QM,IBUPROFEN,mg,100.0,WK2XYI10QM,IBUPROFEN,70000-0262,1407,mL,5.0
4713573,92RU3N3Y1O,DIMETHICONE,g,3.0,92RU3N3Y1O,DIMETHICONE,55319-514,3152,g,227.0
4553147,80168379AG,DOXORUBICIN,mg,2.0,82F2G7BL4E,DOXORUBICIN HYDROCHLORIDE,0143-9277,960,mL,1.0
4552312,80M03YXJ7I,VALSARTAN,mg,160.0,80M03YXJ7I,VALSARTAN,62332-205,2806,1,1.0
4635401,0K5C5T2QPG,Lansoprazole,mg,15.0,0K5C5T2QPG,Lansoprazole,63868-429,1547,1,1.0
4763518,13S1S8SF37,ZINC CATION,g,8.0,SOI2LOH54Z,Zinc Oxide,11822-1114,4240,g,100.0
4772308,U3RSY48JW5,benzocaine,mL,0.06,U3RSY48JW5,benzocaine,11673-141,323,1,1.0
4576857,FEN504330V,NADOLOL,mg,80.0,FEN504330V,NADOLOL,76282-349,1865,1,1.0
4518352,T6V3LHY838,MAGNESIUM CATION,g,3.5,3A3U0GI71G,MAGNESIUM OXIDE,55566-6800,4293,mL,175.0
4715268,95OOS7VE0Y,OXYBENZONE,g,0.071,95OOS7VE0Y,OXYBENZONE,67938-0772,3412,g,14.2
4613316,U5SYW473RQ,TELMISARTAN,mg,80.0,U5SYW473RQ,TELMISARTAN,68180-199,2583,1,1.0
4758180,R16CO5Y76E,ASPIRIN,mg,600.0,R16CO5Y76E,ASPIRIN,0574-7036,74,1,1.0
4580887,3L5TQ84570,MECLIZINE,mg,12.5,HDP7W44CIO,MECLIZINE HYDROCHLORIDE,16590-301,1649,1,1.0
4578984,34K66TBT99,PRASUGREL,mg,10.0,G89JQ59I13,PRASUGREL HYDROCHLORIDE,65597-602,4113,1,1.0
4551891,9EM05410Q9,AMOXICILLIN ANHYDROUS,mg,875.0,804826J2HU,AMOXICILLIN,50090-3179,192,1,1.0
4516456,68IQX3T69U,PROPAFENONE,mg,425.0,33XCH0HOCD,PROPAFENONE HYDROCHLORIDE,42291-547,2291,1,1.0
4701497,5A68WGF6WM,OCTOCRYLENE,mg,100.0,5A68WGF6WM,OCTOCRYLENE,73620-004,3395,g,1.0
4627462,YU55MQ3IZY,ALPRAZOLAM,mg,2.0,YU55MQ3IZY,ALPRAZOLAM,53002-0340,136,1,1.0
4655706,3J50XA376E,THYMOL,mg,0.64,3J50XA376E,THYMOL,55316-318,4258,mL,1.0
4635635,S9U025Y077,TETRAHYDROZOLINE,g,0.05,0YZT43HS7D,TETRAHYDROZOLINE HYDROCHLORIDE,41250-814,3591,mL,100.0
4622087,1NHL2J4X8K,BENZTROPINE,mg,0.5,WMJ8TL7510,BENZTROPINE MESYLATE,69097-826,333,1,1.0
4603147,Q3JTX2Q7TU,DIAZEPAM,mg,5.0,Q3JTX2Q7TU,DIAZEPAM,71872-7260,852,mL,1.0
4590241,L6UH7ZF8HC,RISPERIDONE,mg,0.25,L6UH7ZF8HC,RISPERIDONE,69238-2108,2389,1,1.0
4750827,ND2M416302,ISOPROPYL ALCOHOL,mL,70.0,ND2M416302,ISOPROPYL ALCOHOL,71611-304,4215,mL,100.0
4550007,7LXU5N7ZO5,FUROSEMIDE,mg,20.0,7LXU5N7ZO5,FUROSEMIDE,63629-1215,1258,1,1.0
4780186,95QB77JKPL,DOXYLAMINE,mg,25.0,V9BI9B5YI2,DOXYLAMINE SUCCINATE,41250-986,962,1,1.0
4737873,G63QQF2NOX,AVOBENZONE,g,1.53,G63QQF2NOX,AVOBENZONE,58411-829,4242,mL,50.0
4638969,15FIX9V2JP,TITANIUM DIOXIDE,mg,17.5,15FIX9V2JP,TITANIUM DIOXIDE,60905-0807,4237,mL,1.0
4768032,SOI2LOH54Z,ZINC OXIDE,mg,39.2,SOI2LOH54Z,ZINC OXIDE,14141-307,4240,g,1.0
4655140,3G6A5W338E,CAFFEINE,mg,65.0,3G6A5W338E,CAFFEINE,29485-8028,463,1,1.0
4749267,ND2M416302,ISOPROPYL ALCOHOL,mL,70.0,ND2M416302,ISOPROPYL ALCOHOL,73717-101,4215,mL,100.0
4552166,80M03YXJ7I,VALSARTAN,mg,320.0,80M03YXJ7I,VALSARTAN,0078-0490,2806,1,1.0
4496458,FYY3R43WGO,MINOCYCLINE,mg,50.0,0020414E5U,MINOCYCLINE HYDROCHLORIDE,54868-2390,1813,1,1.0
4718710,98PI200987,LIDOCAINE,g,4.0,98PI200987,LIDOCAINE,35192-027,1579,g,50.0
4693034,4Y5P7MUD51,Octinoxate,mg,75.0,4Y5P7MUD51,Octinoxate,72203-009,4236,g,1.0
4570898,4KV4X8IF6V,DICYCLOMINE,mg,20.0,CQ903KQA31,DICYCLOMINE HYDROCHLORIDE,67296-0126,868,1,1.0
4672052,3K9958V90M,ALCOHOL,mL,70.0,3K9958V90M,ALCOHOL,80661-002,1076,mL,100.0
4525442,A0JWA85V8F,ATORVASTATIN,mg,40.0,48A5M73Z4Q,ATORVASTATIN CALCIUM TRIHYDRATE,53002-1440,257,1,1.0
4575997,36B82AMQ7N,NALOXONE,mg,0.4,F850569PQR,NALOXONE HYDROCHLORIDE,67457-645,1878,mL,1.0
4696891,5A68WGF6WM,OCTOCRYLENE,g,2.0,5A68WGF6WM,OCTOCRYLENE,11489-088,3395,g,50.0
4504396,69O5WQQ5TI,CYCLOBENZAPRINE,mg,10.0,0VE05JYS2P,CYCLOBENZAPRINE HYDROCHLORIDE,68071-3404,751,1,1.0
4531910,563KS2PQY5,LACOSAMIDE,mg,150.0,563KS2PQY5,LACOSAMIDE,0121-2976,4310,mL,15.0
4501014,0J48LPH2TH,HYDROCHLOROTHIAZIDE,mg,12.5,0J48LPH2TH,HYDROCHLOROTHIAZIDE,46708-149,1385,1,1.0
4501424,0J48LPH2TH,HYDROCHLOROTHIAZIDE,mg,25.0,0J48LPH2TH,HYDROCHLOROTHIAZIDE,49884-185,1385,1,1.0
4533734,NNU2O4609D,ENTECAVIR ANHYDROUS,mg,1.0,5968Y6H45M,ENTECAVIR,65862-842,1019,1,1.0
4523980,LYR4M0NH37,Sodium Cation,mg,9.0,451W47IQ8X,Sodium Chloride,0404-9953,4198,mL,1.0
4718341,98PI200987,LIDOCAINE,g,0.4,98PI200987,LIDOCAINE,76168-204,1579,g,1.0
4583908,WR2TIP26VS,ABACAVIR,mg,600.0,J220T4J9Q2,ABACAVIR SULFATE,53808-0767,34,1,1.0
4546796,ADN79D536H,CLOBETASOL,mg,0.5,779619577M,CLOBETASOL PROPIONATE,68462-532,4452,mL,1.0
4674148,3K9958V90M,ALCOHOL,mL,70.0,3K9958V90M,ALCOHOL,76370-0010,1076,mL,100.0
4633991,0619F35CGV,TETRACAINE,g,2.0,0619F35CGV,TETRACAINE,54723-014,2610,mL,100.0
4728973,7N6JUD5X6Y,BENZALKONIUM,g,0.004,F5UM2KM3W7,BENZALKONIUM CHLORIDE,42129-009,3017,1,1.0
4755578,PDC6A3C0OX,GLYCERIN,g,5.0,PDC6A3C0OX,GLYCERIN,70066-1001,1316,mL,100.0
4535870,5TAA004E22,SARGRAMOSTIM,ug,500.0,5TAA004E22,SARGRAMOSTIM,71837-5844,5025,mL,1.0
4743101,HPN8MZW13M,ALUMINUM CHLOROHYDRATE,g,20.2,HPN8MZW13M,ALUMINUM CHLOROHYDRATE,64942-1681,4495,g,100.0
4686989,4X49Y0596W,OCTISALATE,mg,50.0,4X49Y0596W,OCTISALATE,37808-118,4241,g,1.0
4641216,15FIX9V2JP,TITANIUM DIOXIDE,mg,99.0,15FIX9V2JP,TITANIUM DIOXIDE,51060-352,4237,mL,1.0
4687951,4Y5P7MUD51,OCTINOXATE,mL,1.35,4Y5P7MUD51,OCTINOXATE,50387-300,4236,mL,30.0
4712709,Q80VPU408O,FLUORIDE ION,mg,1.1,8ZYQ1474W7,SODIUM FLUORIDE,0135-0605,4243,g,1.0
4574036,JHC049LO86,ALOGLIPTIN,mg,25.0,EEN99869SC,ALOGLIPTIN BENZOATE,64764-251,4340,1,1.0
4698494,5A68WGF6WM,OCTOCRYLENE,g,7.4,5A68WGF6WM,OCTOCRYLENE,63354-900,3395,g,100.0
4732739,7N6JUD5X6Y,BENZALKONIUM,mg,0.001,F5UM2KM3W7,BENZALKONIUM CHLORIDE,67151-333,3017,mg,100.0
4675459,3K9958V90M,ALCOHOL,mL,60.0,3K9958V90M,ALCOHOL,47593-507,1076,mL,100.0
4546437,30S50YM8OG,HYDROXYZINE,mg,50.0,76755771U3,HYDROXYZINE DIHYDROCHLORIDE,70518-1832,1400,1,1.0
4647125,362O9ITL9D,ACETAMINOPHEN,mg,160.0,362O9ITL9D,ACETAMINOPHEN,11673-133,52,mL,5.0
4723156,7355X3ROTS,DEXTROMETHORPHAN,mg,30.0,9D2RTI9KYH,DEXTROMETHORPHAN HYDROBROMIDE,41163-459,842,mL,30.0
4648633,362O9ITL9D,ACETAMINOPHEN,mg,500.0,362O9ITL9D,ACETAMINOPHEN,53002-5340,52,1,1.0
4498149,7C0697DR9I,ATROPINE,mg,0.025,03J5ZE7KA5,ATROPINE SULFATE,69315-910,260,1,1.0
4724693,B697894SGQ,POLYETHYLENE GLYCOL 400,mg,10.0,B697894SGQ,POLYETHYLENE GLYCOL 400,69968-0356,4253,mL,1.0
4640849,15FIX9V2JP,TITANIUM DIOXIDE,g,0.067,15FIX9V2JP,TITANIUM DIOXIDE,49527-073,4237,mL,1.0
4650510,362O9ITL9D,ACETAMINOPHEN,mg,110.0,362O9ITL9D,ACETAMINOPHEN,47682-811,52,1,1.0
4577241,FU77B4U5Z0,ustekinumab,mg,130.0,FU77B4U5Z0,ustekinumab,57894-054,4966,mL,26.0
4598524,CK833KGX7E,AMPHETAMINE,mg,1.875,O1ZPV620O4,AMPHETAMINE ASPARTATE MONOHYDRATE,42858-722,195,1,1.0
4713186,92RU3N3Y1O,DIMETHICONE,mg,80.0,92RU3N3Y1O,DIMETHICONE,67544-767,3152,1,1.0
4730255,7N6JUD5X6Y,BENZALKONIUM,g,0.13,F5UM2KM3W7,BENZALKONIUM CHLORIDE,78902-204,3017,mL,100.0
4661250,3K9958V90M,ALCOHOL,mL,70.0,3K9958V90M,ALCOHOL,76911-002,1076,mL,100.0
4750762,ND2M416302,ISOPROPYL ALCOHOL,mg,0.91,ND2M416302,ISOPROPYL ALCOHOL,72476-804,4215,mL,1.0
4751517,ND2M416302,ISOPROPYL ALCOHOL,mL,91.0,ND2M416302,ISOPROPYL ALCOHOL,51628-4236,4215,mL,100.0
4535501,5QZO15J2Z8,FAMOTIDINE,mg,20.0,5QZO15J2Z8,FAMOTIDINE,55154-6843,1129,1,1.0
4676293,LYR4M0NH37,Sodium Cation,mg,2600.0,451W47IQ8X,Sodium Chloride,52429-124,4198,mL,100.0
4513691,04Q9AIZ7NO,PEMETREXED,mg,500.0,2PKU919BA9,PEMETREXED DISODIUM,63323-450,2073,mL,20.0
4567245,AN164J8Y0X,TRIMETHOPRIM,mg,160.0,AN164J8Y0X,TRIMETHOPRIM,67296-0387,2755,1,1.0
4572239,DPT0O3T46P,pembrolizumab,mg,25.0,DPT0O3T46P,pembrolizumab,0006-3026,4924,mL,1.0
4673241,3K9958V90M,ALCOHOL,mL,75.0,3K9958V90M,ALCOHOL,40562-016,1076,mL,100.0
4780062,95QB77JKPL,DOXYLAMINE,mg,6.25,V9BI9B5YI2,DOXYLAMINE SUCCINATE,69423-999,962,mL,15.0
4567131,AN164J8Y0X,TRIMETHOPRIM,mg,160.0,AN164J8Y0X,TRIMETHOPRIM,61919-645,2755,1,1.0
4687527,4Y5P7MUD51,Octinoxate,mg,209.0,4Y5P7MUD51,Octinoxate,52685-302,4236,g,11.0
4743037,HPN8MZW13M,ALUMINUM CHLOROHYDRATE,mg,145.0,HPN8MZW13M,ALUMINUM CHLOROHYDRATE,10096-0868,4495,mL,1.0
4546311,30S50YM8OG,HYDROXYZINE,mg,50.0,76755771U3,HYDROXYZINE HYDROCHLORIDE,53808-0619,1400,1,1.0
4784871,078A24Q30O,DYCLONINE,mg,2.0,ZEC193879Q,DYCLONINE HYDROCHLORIDE,63736-560,974,1,1.0
4723408,9G1OE216XY,DOCOSANOL,mg,100.0,9G1OE216XY,DOCOSANOL,0363-2981,940,g,1.0
4723941,57Y76R9ATQ,NAPROXEN,mg,220.0,9TN87S3A3C,NAPROXEN SODIUM,70264-011,1883,1,1.0
4747514,N20HL7Q941,CAMPHOR (NATURAL),mg,31.1,N20HL7Q941,CAMPHOR (NATURAL),68233-806,470,g,1.0
4665968,3K9958V90M,ALCOHOL,mL,80.0,3K9958V90M,ALCOHOL,74148-111,1076,mL,100.0
4496805,BL03SY4LXB,Nortriptyline,mg,10.0,00FN6IH15D,Nortriptyline Hydrochloride,63187-715,1971,1,1.0
4653877,3FYP5M0IJX,SENNOSIDES,mg,25.0,3FYP5M0IJX,SENNOSIDES,36800-305,4307,1,1.0
4617862,VG2QF83CGL,MELOXICAM,mg,15.0,VG2QF83CGL,MELOXICAM,66116-443,1676,1,1.0
4624102,76I7G6D29C,MORPHINE,mg,2.0,X3P646A2J0,MORPHINE SULFATE,0409-1890,1845,mL,1.0
4732643,7N6JUD5X6Y,BENZALKONIUM,mg,1.3,F5UM2KM3W7,BENZALKONIUM CHLORIDE,50157-451,3017,mL,1000.0
4638254,15FIX9V2JP,TITANIUM DIOXIDE,mg,44.0,15FIX9V2JP,TITANIUM DIOXIDE,62742-4099,4237,mL,1.0
4693755,4Y5P7MUD51,OCTINOXATE,g,1.95,4Y5P7MUD51,Octinoxate,61589-0224,4236,g,30.0
4758681,R16CO5Y76E,ASPIRIN,mg,325.0,R16CO5Y76E,ASPIRIN,68599-1311,74,1,1.0
4764035,13S1S8SF37,ZINC CATION,mg,3.3,SOI2LOH54Z,ZINC OXIDE,0311-0706,4240,mL,1.0
4654104,3FYP5M0IJX,SENNOSIDES,mg,15.0,3FYP5M0IJX,SENNOSIDES,70000-0443,4307,1,1.0
4770319,8GTS82S83M,DIPHENHYDRAMINE,mg,6.25,TC2D6JAD40,DIPHENHYDRAMINE HYDROCHLORIDE,69367-187,916,mL,1.0
4635167,0F32U78V2Q,CHLOROXYLENOL,mg,3.0,0F32U78V2Q,CHLOROXYLENOL,71023-446,3094,mL,1.0
4535277,5PE9FDE8GB,CLONAZEPAM,mg,2.0,5PE9FDE8GB,CLONAZEPAM,70518-3745,703,1,1.0
4671879,3K9958V90M,ALCOHOL,mL,80.0,3K9958V90M,ALCOHOL,75306-004,1076,mL,100.0
4753501,O414PZ4LPZ,SALICYLIC ACID,mg,1.8,O414PZ4LPZ,SALICYLIC ACID,62742-4193,2416,g,1.0
4772918,U3RSY48JW5,BENZOCAINE,mg,200.0,U3RSY48JW5,BENZOCAINE,68987-003,323,g,1.0
4583544,9PHQ9Y1OLM,PREDNISOLONE,mg,15.0,IV021NXA9J,PREDNISOLONE SODIUM PHOSPHATE,68788-7708,4451,mL,5.0
4678540,495W7451VQ,GUAIFENESIN,mg,600.0,495W7451VQ,GUAIFENESIN,71309-460,1336,1,1.0
4750440,ND2M416302,ISOPROPYL ALCOHOL,mL,75.0,ND2M416302,ISOPROPYL ALCOHOL,80808-001,4215,mL,100.0
4694014,4Y5P7MUD51,OCTINOXATE,g,7.5,4Y5P7MUD51,OCTINOXATE,10477-7749,4236,g,100.0
4719734,7355X3ROTS,DEXTROMETHORPHAN,mg,15.0,9D2RTI9KYH,DEXTROMETHORPHAN HYDROBROMIDE,52083-678,842,mL,5.0
4607037,S88TT14065,Oxygen,L,99.0,S88TT14065,Oxygen,64246-0001,4235,L,100.0
4781493,W9WZN9A0GM,Benzoyl Peroxide,g,10.0,W9WZN9A0GM,Benzoyl Peroxide,0299-4137,328,mL,100.0
4509935,TK65WKS8HL,BUSPIRONE,mg,10.0,207LT9J9OC,BUSPIRONE HYDROCHLORIDE,50090-5762,437,1,1.0
4519900,8SSC91326P,DONEPEZIL,mg,5.0,3O2T2PJ89D,DONEPEZIL HYDROCHLORIDE,55648-311,946,1,1.0
4690070,4Y5P7MUD51,Octinoxate,g,0.07,4Y5P7MUD51,Octinoxate,13537-685,4236,mL,1.0
4575303,N21FAR7B4S,apomorphine,mg,25.0,F39049Y068,apomorphine hydrochloride,63402-125,228,1,1.0
4546356,30S50YM8OG,HYDROXYZINE,mg,10.0,76755771U3,HYDROXYZINE HYDROCHLORIDE,31722-500,1400,1,1.0
4657819,3K9958V90M,ALCOHOL,mL,62.0,3K9958V90M,ALCOHOL,72197-010,1076,mL,100.0
4599211,CUT2W21N7U,FLUTICASONE,ug,50.0,O2GMZ0LF5W,FLUTICASONE PROPIONATE,50090-2880,1225,1,1.0
4511515,2679MF687A,Niacin,mg,500.0,2679MF687A,Niacin,71741-020,2835,1,1.0
4511127,25BB7EKE2E,Barium Sulfate,mg,20.0,25BB7EKE2E,Barium Sulfate,32909-756,4346,mL,1.0
4610558,GEB06NHM23,METOPROLOL,mg,100.0,TH25PD4CCB,METOPROLOL SUCCINATE,0904-6324,1786,1,1.0
4762711,SOI2LOH54Z,Zinc Oxide,g,0.015,SOI2LOH54Z,Zinc Oxide,14783-608,4240,g,1.0
4524901,46627O600J,LEVODOPA,mg,200.0,46627O600J,LEVODOPA,0781-5669,1567,1,1.0
4720976,7355X3ROTS,DEXTROMETHORPHAN,mg,5.0,9D2RTI9KYH,DEXTROMETHORPHAN HYDROBROMIDE,72288-839,842,mL,5.0
4641854,15FIX9V2JP,TITANIUM DIOXIDE,mg,2.9,15FIX9V2JP,TITANIUM DIOXIDE,80778-006,4237,mL,16.0
4632178,1WS297W6MV,PHENYLEPHRINE,mg,10.0,04JA59TNSJ,PHENYLEPHRINE HYDROCHLORIDE,68163-737,2146,mL,20.0
4629783,1WS297W6MV,Phenylephrine,mg,10.0,04JA59TNSJ,Phenylephrine hydrochloride,11673-113,2146,1,1.0
4596938,6YKS4Y3WQ7,HYDROCODONE,mg,7.5,NO70W886KK,HYDROCODONE BITARTRATE,53217-266,1386,1,1.0
4672337,3K9958V90M,ALCOHOL,mL,65.0,3K9958V90M,ALCOHOL,76751-712,1076,mL,100.0
4783932,WK2XYI10QM,IBUPROFEN,mg,200.0,WK2XYI10QM,IBUPROFEN,59779-438,1407,1,1.0
4684668,4X49Y0596W,OCTISALATE,mg,50.0,4X49Y0596W,OCTISALATE,49967-658,4241,mL,1.0
4617037,J06Y7MXW4D,DEFEROXAMINE,mg,500.0,V9TKO7EO6K,DEFEROXAMINE MESYLATE,68083-172,792,1,1.0
4694749,4Y5P7MUD51,OCTINOXATE,g,75.0,4Y5P7MUD51,OCTINOXATE,72043-2283,4236,g,1000.0
4646437,344S277G0Z,ALLANTOIN,mg,0.75,344S277G0Z,Allantoin,60899-070,4268,mL,150.0
4685773,4X49Y0596W,OCTISALATE,mg,50.0,4X49Y0596W,OCTISALATE,72296-126,4241,mL,1.0
4711572,Q80VPU408O,FLUORIDE ION,mg,0.05,8ZYQ1474W7,SODIUM FLUORIDE,37012-213,4243,mL,1.0
4514933,2W4A77YPAN,Fluocinonide,mg,0.5,2W4A77YPAN,Fluocinonide,71085-006,1205,mL,1.0
4603378,23521W1S24,CLAVULANIC ACID,mg,125.0,Q42OMW3AT8,CLAVULANATE POTASSIUM,54868-0388,669,1,1.0
4639034,15FIX9V2JP,Titanium Dioxide,g,15.0,15FIX9V2JP,Titanium Dioxide,98132-142,4237,g,100.0
4704176,ZS9CD1I8YE,BISMUTH CATION,mg,525.0,62TEY51RR1,BISMUTH SUBSALICYLATE,63941-724,4257,mL,30.0
4622150,1NHL2J4X8K,BENZTROPINE,mg,0.5,WMJ8TL7510,BENZTROPINE MESYLATE,70518-1691,333,1,1.0
4651500,362O9ITL9D,ACETAMINOPHEN,mg,325.0,362O9ITL9D,ACETAMINOPHEN,11822-0677,52,1,1.0
4506791,M32RH9MFGP,DEXMETHYLPHENIDATE,mg,30.0,1678OK0E08,DEXMETHYLPHENIDATE HYDROCHLORIDE,0078-0433,836,1,1.0
4529013,4965G3J0F5,SULFACETAMIDE,mg,100.0,4NRT660KJQ,SULFACETAMIDE SODIUM,42192-103,2497,mL,1.0
4716052,95OOS7VE0Y,Oxybenzone,g,0.16,95OOS7VE0Y,Oxybenzone,14783-063,3412,g,1.0
4782670,WK2XYI10QM,IBUPROFEN,mg,100.0,WK2XYI10QM,IBUPROFEN,11822-4461,1407,1,1.0
4753145,O414PZ4LPZ,Salicylic Acid,g,2.0,O414PZ4LPZ,Salicylic Acid,63824-347,2416,mL,100.0
4658282,3K9958V90M,ALCOHOL,mL,62.0,3K9958V90M,ALCOHOL,56136-030,1076,mL,100.0
4635908,R09078E41Y,DEACETYLBISACODYL,mg,5.0,10X0709Y6I,BISACODYL,69618-058,375,1,1.0
4613218,U3RSY48JW5,BENZOCAINE,mg,220.0,U3RSY48JW5,BENZOCAINE,69521-011,323,g,1.0
4668533,3K9958V90M,ALCOHOL,mL,75.0,3K9958V90M,ALCOHOL,81011-128,1076,mL,100.0
4662723,3K9958V90M,ALCOHOL,g,350.0,3K9958V90M,ALCOHOL,74002-5050,1076,mL,500.0
4520322,JMS50MPO89,LOSARTAN,mg,100.0,3ST302B24A,LOSARTAN POTASSIUM,61919-732,1610,1,1.0
4581529,I031V2H011,TOCILIZUMAB,mg,162.0,I031V2H011,TOCILIZUMAB,50242-143,4933,mL,0.9
4657188,3K9958V90M,ALCOHOL,mL,77.0,3K9958V90M,ALCOHOL,70611-004,1076,mL,100.0
4710733,HN1ZRA3Q20,BICARBONATE ION,mg,700.0,8MDF5V39QO,SODIUM BICARBONATE,0363-0802,4205,mg,3000.0
4511936,1806D8D52K,AMITRIPTYLINE,mg,100.0,26LUD4JO9K,AMITRIPTYLINE HYDROCHLORIDE,70710-1229,180,1,1.0
4739817,G63QQF2NOX,AVOBENZONE,g,3.0,G63QQF2NOX,AVOBENZONE,71692-002,4242,mL,100.0
4549974,7LXU5N7ZO5,FUROSEMIDE,mg,10.0,7LXU5N7ZO5,FUROSEMIDE,70756-618,1258,mL,1.0
4702708,5TJD82A1ET,CAMPHOR (SYNTHETIC),g,10.0,5TJD82A1ET,CAMPHOR (SYNTHETIC),63255-110,470,mL,100.0
4520672,JMS50MPO89,LOSARTAN,mg,25.0,3ST302B24A,LOSARTAN POTASSIUM,70518-1319,1610,1,1.0
4641745,15FIX9V2JP,TITANIUM DIOXIDE,mg,9.4,15FIX9V2JP,TITANIUM DIOXIDE,61957-3008,4237,mL,1.0
4606652,C668Q9I33J,oxiconazole,mg,30.0,RQ8UL4C17S,oxiconazole nitrate,21695-459,3408,g,1.0
4715041,95OOS7VE0Y,OXYBENZONE,g,3.0,95OOS7VE0Y,OXYBENZONE,43455-0004,3412,g,100.0
4731579,7N6JUD5X6Y,BENZALKONIUM,g,0.13,F5UM2KM3W7,BENZALKONIUM CHLORIDE,66949-387,3017,mL,100.0
4731156,7N6JUD5X6Y,BENZALKONIUM,g,0.13,F5UM2KM3W7,BENZALKONIUM CHLORIDE,82011-210,3017,mL,100.0
4605684,FF28EJQ494,PROMETHAZINE,mg,25.0,R61ZEH7I1I,PROMETHAZINE HYDROCHLORIDE,43063-874,2286,1,1.0
4524009,LYR4M0NH37,Sodium Cation,g,9.0,451W47IQ8X,Sodium Chloride,76297-001,4198,mL,1000.0
4776999,V06SV4M95S,HOMOSALATE,mg,150.0,V06SV4M95S,HOMOSALATE,11822-0926,3279,g,1.0
4733500,7N6JUD5X6Y,BENZALKONIUM,mg,13.0,F5UM2KM3W7,BENZALKONIUM CHLORIDE,58228-2677,3017,mg,10000.0
4577134,FTA7XXY4EZ,PERPHENAZINE,mg,16.0,FTA7XXY4EZ,PERPHENAZINE,70518-1109,2113,1,1.0
4612486,B76N6SBZ8R,GEMCITABINE,mg,10.0,U347PV74IL,GEMCITABINE HYDROCHLORIDE,62756-614,1283,mL,1.0
4737205,G63QQF2NOX,AVOBENZONE,g,2.0,G63QQF2NOX,AVOBENZONE,64942-1857,4242,mL,100.0
4778690,98PI200987,LIDOCAINE,g,0.5,V13007Z41A,LIDOCAINE HYDROCHLORIDE,71521-390,1579,g,100.0
4754431,O414PZ4LPZ,SALICYLIC ACID,g,0.005,O414PZ4LPZ,Salicylic Acid,72169-530,2416,1,1.0
4527677,5E8K9I0O4U,CIPROFLOXACIN,mg,500.0,4BA73M5E37,CIPROFLOXACIN HYDROCHLORIDE,68071-4627,659,1,1.0
4709085,9679TC07X4,IODINE,mg,10.0,85H0HZU99M,POVIDONE-IODINE,69842-935,4249,mL,1.0
4716230,95OOS7VE0Y,OXYBENZONE,g,3.0,95OOS7VE0Y,OXYBENZONE,63354-592,3412,g,100.0
4598465,CK833KGX7E,AMPHETAMINE,mg,1.25,O1ZPV620O4,AMPHETAMINE ASPARTATE MONOHYDRATE,70010-029,195,1,1.0
4664953,3K9958V90M,ALCOHOL,mL,70.0,3K9958V90M,ALCOHOL,86815-004,1076,mL,100.0
4568156,BDF1O1C72E,NYSTATIN,[USPU],100000.0,BDF1O1C72E,NYSTATIN,63629-2496,1977,g,1.0
4584670,8R78F6L9VO,SUMATRIPTAN,mg,85.0,J8BDZ68989,SUMATRIPTAN SUCCINATE,21695-954,2543,1,1.0
4603313,Q3OKS62Q6X,BUDESONIDE,mg,0.5,Q3OKS62Q6X,BUDESONIDE,68788-7314,419,mL,2.0
4702189,5QB0T2IUN0,ALUMINUM HYDROXIDE,mg,160.0,5QB0T2IUN0,ALUMINUM HYDROXIDE,0135-0098,4250,1,1.0
4502348,0J48LPH2TH,HYDROCHLOROTHIAZIDE,mg,25.0,0J48LPH2TH,HYDROCHLOROTHIAZIDE,46708-455,1385,1,1.0
4660644,3K9958V90M,ALCOHOL,mL,80.0,3K9958V90M,ALCOHOL,76908-001,1076,mL,100.0
4711830,Q80VPU408O,FLUORIDE ION,mg,1.15,8ZYQ1474W7,SODIUM FLUORIDE,0135-0590,4243,g,1.0
4568426,884KT10YB7,RANITIDINE,mg,150.0,BK76465IHM,RANITIDINE HYDROCHLORIDE,21695-109,2358,1,1.0
4775704,V06SV4M95S,HOMOSALATE,mg,97.7,V06SV4M95S,HOMOSALATE,58443-0407,3279,mL,1.0
4651885,362O9ITL9D,ACETAMINOPHEN,mg,250.0,362O9ITL9D,ACETAMINOPHEN,70677-0119,52,1,1.0
4626287,2M83C4R6ZB,CALCIUM CATION,mg,667.0,Y882YXF34X,CALCIUM ACETATE,60429-491,4287,1,1.0
4771792,8GTS82S83M,DIPHENHYDRAMINE,mg,25.0,TC2D6JAD40,DIPHENHYDRAMINE HYDROCHLORIDE,0363-9024,916,1,1.0
4625107,X7WDT95N5C,GLIPIZIDE,mg,5.0,X7WDT95N5C,GLIPIZIDE,51655-105,1301,1,1.0
4746318,O414PZ4LPZ,SALICYLIC ACID,mg,0.6,LAV5U5022Y,METHYL SALICYLATE,33992-0072,4245,mL,1.0
4691769,4Y5P7MUD51,OCTINOXATE,g,1.05,4Y5P7MUD51,OCTINOXATE,43419-513,4236,g,15.0
4541740,6CW7F3G59X,GABAPENTIN,mg,400.0,6CW7F3G59X,GABAPENTIN,71205-671,1264,1,1.0
4611614,TZ47U051FI,DEXTROAMPHETAMINE,mg,9.0,TZ47U051FI,DEXTROAMPHETAMINE,68968-0210,841,1,1.0
4736351,G63QQF2NOX,AVOBENZONE,mg,19.2,G63QQF2NOX,AVOBENZONE,58443-0189,4242,mL,1.0
4633950,I16QD7X297,NEOMYCIN,mg,3.5,057Y626693,NEOMYCIN SULFATE,68016-296,4247,g,1.0
4722240,7355X3ROTS,DEXTROMETHORPHAN,mg,10.0,9D2RTI9KYH,DEXTROMETHORPHAN HYDROBROMIDE,55301-470,842,1,1.0
4536312,ZRP63D75JW,IDARUBICIN,mg,1.0,5VV3MDU5IE,IDARUBICIN HYDROCHLORIDE,0013-2596,1414,mL,1.0
4646818,362O9ITL9D,Acetaminophen,mg,325.0,362O9ITL9D,Acetaminophen,50405-006,52,1,1.0
4671133,3K9958V90M,ALCOHOL,mL,80.0,3K9958V90M,ALCOHOL,76756-180,1076,mL,100.0
4523322,Q32ZN48698,CHLORIDE ION,g,0.45,451W47IQ8X,SODIUM CHLORIDE,0264-7605,4198,mL,100.0
4720728,7355X3ROTS,DEXTROMETHORPHAN,mg,5.0,9D2RTI9KYH,DEXTROMETHORPHAN HYDROBROMIDE,63824-957,842,mL,5.0
4641771,15FIX9V2JP,TITANIUM DIOXIDE,mg,37.6,15FIX9V2JP,TITANIUM DIOXIDE,61957-3014,4237,mL,1.0
4708317,7AJO3BO7QN,LORATADINE,mg,5.0,7AJO3BO7QN,LORATADINE,70000-0504,1605,1,1.0
4514601,2T8Q726O95,LAMIVUDINE,mg,300.0,2T8Q726O95,LAMIVUDINE,68180-603,1539,1,1.0
4557154,HN1ZRA3Q20,BICARBONATE ION,mg,84.0,8MDF5V39QO,SODIUM BICARBONATE,81665-200,4205,mL,1.0
4743362,HPN8MZW13M,ALUMINUM CHLOROHYDRATE,g,10.0,HPN8MZW13M,ALUMINUM CHLOROHYDRATE,53329-069,4495,mL,100.0
4559714,9P6159HM7T,Halobetasol,mg,0.5,91A0K1TY3Z,Halobetasol propionate,51862-606,1349,g,1.0
4713468,92RU3N3Y1O,DIMETHICONE,g,1.5,92RU3N3Y1O,DIMETHICONE,70441-0003,3152,mL,100.0
4551713,9EM05410Q9,AMOXICILLIN ANHYDROUS,mg,400.0,804826J2HU,AMOXICILLIN,57237-033,192,mL,5.0
4669603,3K9958V90M,ALCOHOL,mg,670.0,3K9958V90M,ALCOHOL,72866-001,1076,mL,1.0
4695115,4Y5P7MUD51,OCTINOXATE,mg,30.0,4Y5P7MUD51,OCTINOXATE,60905-0846,4236,mL,1.0
4611193,TLM2976OFR,Riboflavin,mg,1.7,TLM2976OFR,Riboflavin,10542-009,2834,1,1.0
4759947,R953O2RHZ5,PYRITHIONE ZINC,mg,10.0,R953O2RHZ5,PYRITHIONE ZINC,50594-153,4248,mL,1.0
4580753,H821664NPK,PERAMPANEL,mg,2.0,H821664NPK,PERAMPANEL,62856-272,4684,1,1.0
4658881,3K9958V90M,ALCOHOL,g,0.67,3K9958V90M,ALCOHOL,71026-010,1076,mL,1.0
4769214,SOI2LOH54Z,ZINC OXIDE,g,0.2,SOI2LOH54Z,ZINC OXIDE,69396-021,4240,g,1.0
4600445,EE92BBP03H,DILTIAZEM,mg,420.0,OLH94387TE,DILTIAZEM HYDROCHLORIDE,68382-750,897,1,1.0
4724074,57Y76R9ATQ,NAPROXEN,mg,220.0,9TN87S3A3C,NAPROXEN SODIUM,11822-4171,1883,1,1.0
4614861,UYE4T5I70X,DEXLANSOPRAZOLE,mg,30.0,UYE4T5I70X,DEXLANSOPRAZOLE,54868-5998,4162,1,1.0
4613601,U6F3787206,AMINOCAPROIC ACID,mg,500.0,U6F3787206,AMINOCAPROIC ACID,13925-530,163,1,1.0
4704235,O414PZ4LPZ,SALICYLIC ACID,mg,262.0,62TEY51RR1,BISMUTH SUBSALICYLATE,68210-4170,4257,1,1.0
4685442,4X49Y0596W,OCTISALATE,mg,51.5,4X49Y0596W,OCTISALATE,30142-711,4241,mL,1.0
4752930,O414PZ4LPZ,Salicylic Acid,mg,5.0,O414PZ4LPZ,Salicylic Acid,69840-007,2416,mL,1.0
4666040,3K9958V90M,ALCOHOL,mL,0.7,3K9958V90M,ALCOHOL,90097-000,1076,mL,1.0
4683162,4X49Y0596W,OCTISALATE,g,1.5,4X49Y0596W,OCTISALATE,54473-317,4241,mL,30.0
4778346,98PI200987,LIDOCAINE,g,2.0,V13007Z41A,LIDOCAINE HYDROCHLORIDE,67777-129,1579,g,100.0
4581609,0DHU5B8D6V,CITALOPRAM,mg,40.0,I1E9D14F36,CITALOPRAM HYDROBROMIDE,12634-027,663,1,1.0
4587354,JQZ1L091Y2,Dronedarone,mg,400.0,JQZ1L091Y2,Dronedarone,0024-4142,4112,1,1.0
4782891,WK2XYI10QM,IBUPROFEN,mg,200.0,WK2XYI10QM,IBUPROFEN,41226-610,1407,1,1.0
4650782,362O9ITL9D,ACETAMINOPHEN,mg,325.0,362O9ITL9D,ACETAMINOPHEN,63824-950,52,mL,10.0
4601846,5JKY92S7BR,TIMOLOL ANHYDROUS,mg,5.0,P8Y54F701R,TIMOLOL MALEATE,64980-514,4061,mL,1.0
4515426,304GTH6RNH,etonogestrel,mg,68.0,304GTH6RNH,etonogestrel,0052-4330,1110,1,1.0
4775586,V06SV4M95S,HOMOSALATE,mg,100.0,V06SV4M95S,HOMOSALATE,72288-760,3279,mL,1.0
4518980,3G6A5W338E,CAFFEINE,mg,40.0,3G6A5W338E,CAFFEINE,13925-535,463,1,1.0
4621611,WK2XYI10QM,IBUPROFEN,mg,400.0,WK2XYI10QM,IBUPROFEN,65162-464,1407,1,1.0
4676032,820484N8I3,HISTAMINE,mg,0.041,3POA0Q644U,Histamine Dihydrochloride,73615-104,1375,mL,1.0
4741511,2M83C4R6ZB,CALCIUM CATION,mg,750.0,H0G9379FGK,CALCIUM CARBONATE,49348-055,4239,1,1.0
4733836,G07GZ97H65,Clotrimazole,mg,10.0,G07GZ97H65,Clotrimazole,41250-305,719,g,1.0
4697149,5A68WGF6WM,OCTOCRYLENE,g,3.5,5A68WGF6WM,Octocrylene,69424-580,3395,mL,70.0
4649278,362O9ITL9D,ACETAMINOPHEN,mg,250.0,362O9ITL9D,ACETAMINOPHEN,69842-586,52,1,1.0
4539689,6804DJ8Z9U,CAPECITABINE,mg,150.0,6804DJ8Z9U,CAPECITABINE,59923-721,480,1,1.0
4497822,T6V3LHY838,MAGNESIUM CATION,g,2.44,02F3473H9O,MAGNESIUM CHLORIDE,24571-114,4200,L,1.0
4498522,046O35D44R,Prilocaine,mg,25.0,046O35D44R,Prilocaine,42858-029,2265,g,1.0
4664285,3K9958V90M,ALCOHOL,mL,80.0,3K9958V90M,ALCOHOL,78460-100,1076,mL,100.0
4628019,Z69D9E381Q,SELENIUM SULFIDE,mg,22.5,Z69D9E381Q,SELENIUM SULFIDE,52187-528,4274,mL,1.0
4601003,W4HFE001U5,TENOFOVIR ANHYDROUS,mg,300.0,OTT9J7900I,TENOFOVIR DISOPROXIL FUMARATE,70518-3677,2593,1,1.0
4537853,614OI1Z5WI,VALPROIC ACID,mg,125.0,644VL95AO6,DIVALPROEX SODIUM,0074-7325,2803,1,1.0
4539249,Q32ZN48698,CHLORIDE ION,mg,30.0,660YQ98I10,POTASSIUM CHLORIDE,65219-241,4199,mL,100.0
4505448,125OD7737X,METHOCARBAMOL,mg,750.0,125OD7737X,METHOCARBAMOL,68071-2513,1747,1,1.0
4612027,BGF9MN2HU1,FENOFIBRIC ACID,mg,145.0,U202363UOS,FENOFIBRATE,70934-508,1152,1,1.0
4506837,M32RH9MFGP,DEXMETHYLPHENIDATE,mg,30.0,1678OK0E08,DEXMETHYLPHENIDATE HYDROCHLORIDE,31722-234,836,1,1.0
4757953,R16CO5Y76E,ASPIRIN,mg,250.0,R16CO5Y76E,ASPIRIN,70000-0258,74,1,1.0
4779286,3U6IO1965U,CHLORPHENIRAMINE,mg,2.0,V1Q0O9OJ9Z,CHLORPHENIRAMINE MALEATE,72476-128,616,1,1.0
4685213,4X49Y0596W,OCTISALATE,mg,250.0,4X49Y0596W,Octisalate,11822-0922,4241,mL,1.0
4649433,362O9ITL9D,ACETAMINOPHEN,mg,160.0,362O9ITL9D,ACETAMINOPHEN,36800-449,52,1,1.0
4696223,5965120SH1,MINOXIDIL,g,5.0,5965120SH1,MINOXIDIL,81632-001,1814,mL,100.0
4643519,J2VZ07J96K,Polymyxin B,[iU],10000.0,19371312D4,Polymyxin B sulfate,41250-505,4246,g,1.0
4577709,G2M7P15E5P,POLYETHYLENE GLYCOL 3350,g,210.0,G2M7P15E5P,POLYETHYLENE GLYCOL 3350,54868-4233,4253,L,2.0
4737280,G63QQF2NOX,AVOBENZONE,g,3.0,G63QQF2NOX,AVOBENZONE,73978-007,4242,g,100.0
4756261,PDC6A3C0OX,GLYCERIN,g,2.1,PDC6A3C0OX,GLYCERIN,52316-725,1316,1,1.0
4655635,3J50XA376E,THYMOL,mg,0.64,3J50XA376E,THYMOL,79903-153,4258,mL,1.0
4728264,7N6JUD5X6Y,BENZALKONIUM,g,1.0,F5UM2KM3W7,BENZALKONIUM CHLORIDE,58737-193,3017,g,59.0
4757645,R16CO5Y76E,ASPIRIN,mg,81.0,R16CO5Y76E,ASPIRIN,49035-563,74,1,1.0
4629014,01ZG3TPX31,BUPROPION,mg,300.0,ZG7E5POY8O,BUPROPION HYDROCHLORIDE,72162-1219,435,1,1.0
4632732,1WS297W6MV,PHENYLEPHRINE,mg,10.0,04JA59TNSJ,PHENYLEPHRINE HYDROCHLORIDE,11673-337,2146,mL,20.0
4581887,0DHU5B8D6V,CITALOPRAM,mg,20.0,I1E9D14F36,CITALOPRAM HYDROBROMIDE,0615-8023,663,1,1.0
4608830,AFE2YW0IIZ,SUFENTANIL,mg,0.05,S9ZFX8403R,SUFENTANIL CITRATE,0641-6110,2491,mL,1.0
4550998,9EM05410Q9,AMOXICILLIN ANHYDROUS,mg,200.0,804826J2HU,AMOXICILLIN,43598-213,192,mL,5.0
4581647,0DHU5B8D6V,CITALOPRAM,mg,10.0,I1E9D14F36,CITALOPRAM HYDROBROMIDE,61919-055,663,1,1.0
4608935,SI86V6QNEG,HALCINONIDE,mg,1.0,SI86V6QNEG,HALCINONIDE,10631-094,4507,g,1.0
4511070,2494G1JF75,LOPINAVIR,mg,80.0,2494G1JF75,LOPINAVIR,0074-3956,1601,mL,1.0
4562253,PKI06M3IW0,RIVASTIGMINE,mg,6.0,9IY2357JPE,RIVASTIGMINE TARTRATE,65862-651,2392,1,1.0
4598106,CK833KGX7E,AMPHETAMINE,mg,5.0,O1ZPV620O4,AMPHETAMINE ASPARTATE MONOHYDRATE,42806-344,195,1,1.0
4562902,Q51BO43MG4,LEVOTHYROXINE,ug,175.0,9J765S329G,LEVOTHYROXINE SODIUM,71335-1828,2646,1,1.0
4663964,3K9958V90M,ALCOHOL,mL,80.0,3K9958V90M,ALCOHOL,78678-001,1076,mL,100.0
4758161,R16CO5Y76E,ASPIRIN,mg,325.0,R16CO5Y76E,ASPIRIN,0280-0060,74,1,1.0
4766530,SOI2LOH54Z,ZINC OXIDE,g,33.18,SOI2LOH54Z,ZINC OXIDE,42681-7049,4240,mL,177.0
4733120,7N6JUD5X6Y,BENZALKONIUM,mg,1.33,F5UM2KM3W7,BENZALKONIUM CHLORIDE,35000-733,3017,mL,1.0
4619950,MN3L5RMN02,CLONIDINE,mg,0.1,W76I6XXF06,CLONIDINE HYDROCHLORIDE,33261-495,704,1,1.0
4585799,7C782967RD,AMPICILLIN,g,2.0,JFN36L5S8K,AMPICILLIN SODIUM,65219-020,198,1,1.0
4766557,SOI2LOH54Z,ZINC OXIDE,g,10.0,SOI2LOH54Z,ZINC OXIDE,42508-477,4240,mL,100.0
4523941,Q32ZN48698,CHLORIDE ION,mg,1125.0,451W47IQ8X,SODIUM CHLORIDE,65219-230,4198,mL,250.0
4502022,0J48LPH2TH,HYDROCHLOROTHIAZIDE,mg,25.0,0J48LPH2TH,HYDROCHLOROTHIAZIDE,71335-2091,1385,1,1.0
4558043,8VZV102JFY,FLUCONAZOLE,mg,50.0,8VZV102JFY,FLUCONAZOLE,16714-694,1187,1,1.0
4606035,N3PA6559FT,ESOMEPRAZOLE,mg,40.0,R6DXU4WAY9,ESOMEPRAZOLE MAGNESIUM,0186-4040,1055,1,1.0
4756796,1VU15B70BP,BENZETHONIUM,mg,0.2,PH41D05744,BENZETHONIUM CHLORIDE,30142-150,3018,mL,9.0
4606459,D0GX863OA5,MUPIROCIN,mg,20.0,RG38I2P540,MUPIROCIN CALCIUM,62332-624,1857,g,1.0
4754077,O414PZ4LPZ,SALICYLIC ACID,g,2.0,O414PZ4LPZ,SALICYLIC ACID,64942-1968,2416,mL,100.0
4506438,143NQ3779B,CALCIPOTRIENE,ug,50.0,143NQ3779B,CALCIPOTRIENE,63629-2520,465,g,1.0
4557648,4QWG6N8QKH,HYDROXYCHLOROQUINE,mg,200.0,8Q2869CNVH,HYDROXYCHLOROQUINE SULFATE,0781-5994,1395,1,1.0
4677743,495W7451VQ,GUAIFENESIN,mg,100.0,495W7451VQ,GUAIFENESIN,68788-7235,1336,mL,5.0
4646864,362O9ITL9D,ACETAMINOPHEN,mg,500.0,362O9ITL9D,ACETAMINOPHEN,49035-026,52,1,1.0
4569647,CD35PMG570,OXYCODONE,mg,7.5,C1ENJ2TE6C,OXYCODONE HYDROCHLORIDE,61919-615,2029,1,1.0
4729194,7N6JUD5X6Y,BENZALKONIUM,mg,0.13,F5UM2KM3W7,BENZALKONIUM CHLORIDE,59779-633,3017,mL,1.0
4503063,0K47UL67F2,CARVEDILOL,mg,12.5,0K47UL67F2,CARVEDILOL,53808-0219,522,1,1.0
4585998,7C782967RD,AMPICILLIN,g,2.0,JFN36L5S8K,AMPICILLIN SODIUM,82449-514,198,1,1.0
4754651,O414PZ4LPZ,SALICYLIC ACID,g,0.5,O414PZ4LPZ,SALICYLIC ACID,11410-023,2416,mL,100.0
4553959,838F01T721,paliperidone,mg,6.0,838F01T721,paliperidone,27808-224,4137,1,1.0
4726713,M7P27195AG,DOCUSATE,mg,100.0,F05Q2T2JA0,DOCUSATE SODIUM,41163-878,941,1,1.0
4534207,J2KLZ20U1M,AZITHROMYCIN ANHYDROUS,mg,500.0,5FD1131I7S,AZITHROMYCIN DIHYDRATE,59762-3070,276,1,1.0
4567717,6AI06C00GW,TIZANIDINE,mg,6.0,B53E3NMY5C,TIZANIDINE HYDROCHLORIDE,67877-612,2683,1,1.0
4528867,295O53K152,POTASSIUM CATION,mg,224.0,4J9FJ0HL51,MONOBASIC POTASSIUM PHOSPHATE,0409-7295,4480,mL,1.0
4608341,S88TT14065,OXYGEN,mL,995.0,S88TT14065,OXYGEN,53440-007,4235,L,1.0
4600625,EE92BBP03H,DILTIAZEM,mg,30.0,OLH94387TE,DILTIAZEM HYDROCHLORIDE,50228-481,897,1,1.0
4500061,0H73WJJ391,TOPIRAMATE,mg,100.0,0H73WJJ391,TOPIRAMATE,50090-2248,2706,1,1.0
4550498,Y8335394RO,BUPIVACAINE,mg,2.5,7TQO7W3VT8,BUPIVACAINE HYDROCHLORIDE,50090-2369,432,mL,1.0
4743391,HPN8MZW13M,ALUMINUM CHLOROHYDRATE,g,20.2,HPN8MZW13M,ALUMINUM CHLOROHYDRATE,64942-1716,4495,g,100.0
4560273,935E97BOY8,Folic Acid,mg,1.0,935E97BOY8,Folic Acid,66213-543,1231,1,1.0
4724383,9YQ9DI1W42,ENSULIZOLE,mg,0.03,9YQ9DI1W42,ENSULIZOLE,22700-148,3179,mL,1.0
4512515,27O7W4T232,SPIRONOLACTONE,mg,50.0,27O7W4T232,SPIRONOLACTONE,59651-427,2475,1,1.0
4546725,990S25980Y,LEVOLEUCOVORIN,mg,10.0,778XL6VBS8,LEVOLEUCOVORIN CALCIUM,14335-340,4384,mL,1.0
4617955,VG2QF83CGL,MELOXICAM,mg,7.5,VG2QF83CGL,MELOXICAM,64380-715,1676,1,1.0
4751835,ND2M416302,ISOPROPYL ALCOHOL,mL,70.0,ND2M416302,ISOPROPYL ALCOHOL,66715-6845,4215,mL,100.0
4685509,4X49Y0596W,OCTISALATE,g,4.75,4X49Y0596W,OCTISALATE,68828-708,4241,mL,100.0
4584301,J6292F8L3D,HALOPERIDOL,mg,20.0,J6292F8L3D,HALOPERIDOL,68382-081,1353,1,1.0
4618096,VG2QF83CGL,MELOXICAM,mg,15.0,VG2QF83CGL,MELOXICAM,70518-0200,1676,1,1.0
4748203,T6V3LHY838,MAGNESIUM CATION,mg,200.0,NBZ3QY004S,MAGNESIUM HYDROXIDE,10267-0019,4244,1,1.0
4543444,RIX4E89Y14,LEVOFLOXACIN ANHYDROUS,mg,750.0,6GNT3Y5LMF,LEVOFLOXACIN,33342-533,1569,1,1.0
4617092,VB0R961HZT,PREDNISONE,mg,20.0,VB0R961HZT,PREDNISONE,66336-094,2253,1,1.0
4630348,1WS297W6MV,PHENYLEPHRINE,mg,5.0,04JA59TNSJ,PHENYLEPHRINE HYDROCHLORIDE,63187-652,2146,1,1.0
4774896,V06SV4M95S,HOMOSALATE,g,8.0,V06SV4M95S,HOMOSALATE,69423-277,3279,g,100.0
4632254,1WS297W6MV,PHENYLEPHRINE,mg,5.0,04JA59TNSJ,PHENYLEPHRINE HYDROCHLORIDE,11673-640,2146,1,1.0
4503556,0K5C5T2QPG,lansoprazole,mg,15.0,0K5C5T2QPG,lansoprazole,55111-398,1547,1,1.0
4581122,A6D97U294I,SOTALOL,mg,160.0,HEC37C70XX,SOTALOL HYDROCHLORIDE,42806-123,2464,1,1.0
4591681,5SL0G7R0OK,ANHYDROUS DEXTROSE,g,25.0,LX22YL083G,DEXTROSE MONOHYDRATE,51662-1584,845,mL,50.0
4639132,15FIX9V2JP,TITANIUM DIOXIDE,mg,25.0,15FIX9V2JP,TITANIUM DIOXIDE,66163-6503,4237,mL,1.0
4642580,15FIX9V2JP,TITANIUM DIOXIDE,mg,400.0,15FIX9V2JP,TITANIUM DIOXIDE,98132-007,4237,g,2.0
4754514,O414PZ4LPZ,SALICYLIC ACID,mg,40.0,O414PZ4LPZ,SALICYLIC ACID,51511-596,2416,1,1.0
4642865,15FIX9V2JP,TITANIUM DIOXIDE,g,0.6,15FIX9V2JP,TITANIUM DIOXIDE,54473-326,4237,mL,30.0
4622817,7K383OQI23,ZOLPIDEM,mg,5.0,WY6W63843K,ZOLPIDEM TARTRATE,55111-478,2870,1,1.0
4722172,7355X3ROTS,DEXTROMETHORPHAN,mg,30.0,9D2RTI9KYH,DEXTROMETHORPHAN HYDROBROMIDE,70000-0491,842,1,1.0
4633310,1WS297W6MV,PHENYLEPHRINE,mg,5.0,04JA59TNSJ,PHENYLEPHRINE HYDROCHLORIDE,0363-2029,2146,mL,15.0
4713713,92RU3N3Y1O,Dimethicone,mg,20.0,92RU3N3Y1O,Dimethicone,0299-4114,3152,mL,1.0
4740717,7UJQ5OPE7D,CARBONATE ION,mg,420.0,H0G9379FGK,CALCIUM CARBONATE,0924-0287,4239,1,1.0
4691372,4Y5P7MUD51,OCTINOXATE,mg,1228.0,4Y5P7MUD51,OCTINOXATE,58411-326,4236,mL,27.0
4724545,B697894SGQ,POLYETHYLENE GLYCOL 400,g,0.4,B697894SGQ,POLYETHYLENE GLYCOL 400,50804-020,4253,mL,100.0
4637488,15FIX9V2JP,TITANIUM DIOXIDE,mg,5.0,15FIX9V2JP,TITANIUM DIOXIDE,69017-302,4237,mL,100.0
4507739,334895S862,DOXYCYCLINE ANHYDROUS,mg,100.0,19XTS3T51U,DOXYCYCLINE HYCLATE,70518-3135,961,1,1.0
4562437,Q51BO43MG4,LEVOTHYROXINE,mg,0.112,9J765S329G,LEVOTHYROXINE SODIUM,10544-261,2646,1,1.0
4632004,1WS297W6MV,PHENYLEPHRINE,mg,10.0,04JA59TNSJ,PHENYLEPHRINE HYDROCHLORIDE,72288-943,2146,mL,30.0
4721218,7355X3ROTS,DEXTROMETHORPHAN,mg,10.0,9D2RTI9KYH,DEXTROMETHORPHAN HYDROBROMIDE,63941-470,842,1,1.0
4760052,R953O2RHZ5,PYRITHIONE ZINC,g,0.1,R953O2RHZ5,PYRITHIONE ZINC,69423-309,4248,mL,100.0
4556935,HN1ZRA3Q20,BICARBONATE ION,mg,1100.0,8MDF5V39QO,SODIUM BICARBONATE,69784-701,4205,1,1.0
4516914,362O9ITL9D,ACETAMINOPHEN,mg,325.0,362O9ITL9D,ACETAMINOPHEN,0591-3369,52,1,1.0
4508815,1J444QC288,AMLODIPINE,mg,10.0,1J444QC288,AMLODIPINE,64380-217,183,1,1.0
4758743,R16CO5Y76E,ASPIRIN,mg,81.0,R16CO5Y76E,ASPIRIN,21130-645,74,1,1.0
4534155,J2KLZ20U1M,AZITHROMYCIN ANHYDROUS,mg,250.0,5FD1131I7S,AZITHROMYCIN DIHYDRATE,70518-0249,276,1,1.0
4770658,8GTS82S83M,DIPHENHYDRAMINE,mg,25.0,TC2D6JAD40,DIPHENHYDRAMINE HYDROCHLORIDE,41163-367,916,1,1.0
4758472,R16CO5Y76E,ASPIRIN,mg,250.0,R16CO5Y76E,ASPIRIN,59779-594,74,1,1.0
4525820,A0JWA85V8F,ATORVASTATIN,mg,10.0,48A5M73Z4Q,ATORVASTATIN CALCIUM TRIHYDRATE,0378-4513,257,1,1.0
4672754,3K9958V90M,ALCOHOL,mL,70.0,3K9958V90M,ALCOHOL,75363-0005,1076,mL,100.0
4761765,S07O44R1ZM,CAPSAICIN,g,0.015,S07O44R1ZM,CAPSAICIN,61919-680,3064,mL,60.0
4772642,U3RSY48JW5,BENZOCAINE,g,1.05,U3RSY48JW5,BENZOCAINE,29500-2264,323,g,21.0
4699200,5A68WGF6WM,OCTOCRYLENE,g,0.052,5A68WGF6WM,OCTOCRYLENE,11559-056,3395,mL,1.0
4775939,V06SV4M95S,HOMOSALATE,mg,150.0,V06SV4M95S,HOMOSALATE,69968-0611,3279,mL,1.0
4692897,4Y5P7MUD51,OCTINOXATE,mg,75.0,4Y5P7MUD51,OCTINOXATE,76354-914,4236,g,1.0
4757661,R16CO5Y76E,ASPIRIN,mg,325.0,R16CO5Y76E,ASPIRIN,0904-2015,74,1,1.0
4548119,9100L32L2N,METFORMIN,mg,750.0,786Z46389E,METFORMIN HYDROCHLORIDE,76385-129,1725,1,1.0
4666249,3K9958V90M,ALCOHOL,g,62.0,3K9958V90M,ALCOHOL,74773-0015,1076,mL,100.0
4731917,7N6JUD5X6Y,BENZALKONIUM,g,0.3,F5UM2KM3W7,BENZALKONIUM CHLORIDE,76635-002,3017,g,100.0
4567043,7S5I7G3JQL,DEXAMETHASONE,mg,4.0,AI9376Y64P,DEXAMETHASONE SODIUM PHOSPHATE,71872-7147,3920,mL,1.0
4782624,WK2XYI10QM,IBUPROFEN,mg,100.0,WK2XYI10QM,IBUPROFEN,62011-0030,1407,mL,5.0
4498960,I16QD7X297,NEOMYCIN,mg,3.5,057Y626693,NEOMYCIN SULFATE,54868-2971,4247,g,1.0
4693756,4Y5P7MUD51,OCTINOXATE,g,1.95,4Y5P7MUD51,Octinoxate,61589-0222,4236,g,30.0
4710281,58H6RWO52I,BACITRACIN,[USPU],500.0,89Y4M234ES,BACITRACIN ZINC,55910-446,281,g,1.0
4771989,8GTS82S83M,DIPHENHYDRAMINE,g,2.0,TC2D6JAD40,DIPHENHYDRAMINE HYDROCHLORIDE,67510-0633,916,g,100.0
4734892,G63QQF2NOX,AVOBENZONE,mg,20.0,G63QQF2NOX,AVOBENZONE,10096-0168,4242,mL,1.0
4515559,30OMY4G3MK,GUANFACINE,mg,2.0,30OMY4G3MK,GUANFACINE,24979-534,1343,1,1.0
4681638,4X49Y0596W,OCTISALATE,mg,50.0,4X49Y0596W,OCTISALATE,69842-138,4241,mL,1.0
4577979,X4HES1O11F,Acyclovir,mg,500.0,G447S0T1VC,Valacyclovir Hydrochloride,59746-324,2798,1,1.0
4583388,ISQ9I6J12J,LINEZOLID,mg,2.0,ISQ9I6J12J,LINEZOLID,66298-7131,1584,mL,1.0
4722841,7355X3ROTS,DEXTROMETHORPHAN,mg,20.0,9D2RTI9KYH,DEXTROMETHORPHAN HYDROBROMIDE,0363-6190,842,mL,30.0
4692531,4Y5P7MUD51,OCTINOXATE,mg,40.8,4Y5P7MUD51,OCTINOXATE,13630-0030,4236,mL,1.0
4531204,55JG375S6M,PREGABALIN,mg,25.0,55JG375S6M,PREGABALIN,64980-410,2255,1,1.0
4749314,ND2M416302,ISOPROPYL ALCOHOL,mL,75.0,ND2M416302,ISOPROPYL ALCOHOL,74558-075,4215,mL,100.0
4509448,TG537D343B,DESIPRAMINE,mg,75.0,1Y58DO4MY1,DESIPRAMINE HYDROCHLORIDE,24724-070,812,1,1.0
4632796,1WS297W6MV,PHENYLEPHRINE,mg,10.0,04JA59TNSJ,PHENYLEPHRINE HYDROCHLORIDE,28595-804,2146,mL,5.0
4577294,YOP6PX0BAO,MEROPENEM ANHYDROUS,g,1.0,FV9J3JU8B1,MEROPENEM,68083-147,1709,mL,30.0
4749145,ND2M416302,ISOPROPYL ALCOHOL,g,700.0,ND2M416302,ISOPROPYL ALCOHOL,57915-004,4215,g,1000.0
4625843,XX73205DH5,SUCRALFATE,g,1.0,XX73205DH5,SUCRALFATE,63629-1307,4106,1,1.0
4611241,TLM2976OFR,RIBOFLAVIN,mg,1.2,TLM2976OFR,RIBOFLAVIN,42494-434,2834,1,1.0
4781564,WI4X0X7BPJ,HYDROCORTISONE,mg,5.0,WI4X0X7BPJ,HYDROCORTISONE,0168-0016,1388,g,1.0
4739889,G63QQF2NOX,AVOBENZONE,mg,30.0,G63QQF2NOX,AVOBENZONE,49967-326,4242,g,1.0
4555225,1J444QC288,AMLODIPINE,mg,5.0,864V2Q084H,AMLODIPINE BESYLATE,0378-1723,183,1,1.0
4769484,13S1S8SF37,ZINC CATION,g,10.0,SOI2LOH54Z,ZINC OXIDE,70116-014,4240,mL,100.0
4773477,FZG87K1MQ6,BROMOTHEOPHYLLINE,1,25.0,UA8U0KJM72,PAMABROM,51532-0700,2047,1,1.0
4539307,Q32ZN48698,CHLORIDE ION,mg,1500.0,660YQ98I10,POTASSIUM CHLORIDE,43826-026,4199,1,1.0
4633490,I16QD7X297,Neomycin,mg,3.5,057Y626693,Neomycin Sulfate,49035-120,4247,g,1.0
4688940,4Y5P7MUD51,Octinoxate,g,0.047,4Y5P7MUD51,Octinoxate,13537-537,4236,g,1.0
4774662,V06SV4M95S,HOMOSALATE,g,1.8,V06SV4M95S,Homosalate,71192-040,3279,g,18.0
4624863,LER583670J,LOXAPINE,mg,25.0,X59SG0MRYU,LOXAPINE SUCCINATE,70518-0347,1613,1,1.0
4742356,7UJQ5OPE7D,CARBONATE ION,mg,1000.0,H0G9379FGK,CALCIUM CARBONATE,30142-307,4239,1,1.0
4660318,3K9958V90M,ALCOHOL,mL,70.0,3K9958V90M,ALCOHOL,75810-101,1076,mL,100.0
4512057,1806D8D52K,AMITRIPTYLINE,mg,10.0,26LUD4JO9K,AMITRIPTYLINE HYDROCHLORIDE,53002-4910,180,1,1.0
4531807,563KS2PQY5,LACOSAMIDE,mg,10.0,563KS2PQY5,LACOSAMIDE,65162-912,4310,mL,1.0
4709014,9679TC07X4,IODINE,g,1.0,85H0HZU99M,POVIDONE-IODINE,73288-002,4249,g,100.0
4723510,57Y76R9ATQ,NAPROXEN,mg,220.0,9TN87S3A3C,NAPROXEN SODIUM,69197-394,1883,1,1.0
4503789,ZQI909440X,AZELASTINE,ug,137.0,0L591QR10I,AZELASTINE HYDROCHLORIDE,45802-066,271,1,1.0
4782796,WK2XYI10QM,IBUPROFEN,mg,100.0,WK2XYI10QM,IBUPROFEN,63868-796,1407,mL,5.0
4717997,95OOS7VE0Y,OXYBENZONE,mg,60.0,95OOS7VE0Y,OXYBENZONE,69842-164,3412,mL,1.0
4701262,5A68WGF6WM,OCTOCRYLENE,mg,100.0,5A68WGF6WM,OCTOCRYLENE,69842-127,3395,mL,1.0
4524004,LYR4M0NH37,SODIUM CATION,mg,6.4,451W47IQ8X,SODIUM CHLORIDE,0065-0795,4198,mL,1.0
4562213,9842X06Q6M,BETAMETHASONE,mg,1.2,9IFA5XM7R2,BETAMETHASONE VALERATE,50090-3794,354,g,1.0
4574356,3U02EL437C,CLINDAMYCIN,mg,10.0,EH6D7113I8,CLINDAMYCIN PHOSPHATE,63629-8635,3909,g,1.0
4589188,KHS0AZ4JVK,BUTALBITAL,mg,50.0,KHS0AZ4JVK,BUTALBITAL,51862-540,441,1,1.0
4542205,CK833KGX7E,AMPHETAMINE,mg,2.5,6DPV8NK46S,AMPHETAMINE SULFATE,0527-1502,195,1,1.0
4549926,7LXU5N7ZO5,FUROSEMIDE,mg,20.0,7LXU5N7ZO5,FUROSEMIDE,70518-0050,1258,1,1.0
4735487,G63QQF2NOX,AVOBENZONE,g,1.5,G63QQF2NOX,AVOBENZONE,11489-115,4242,g,50.0
4702063,5QB0T2IUN0,ALUMINUM HYDROXIDE,mg,400.0,5QB0T2IUN0,ALUMINUM HYDROXIDE,30142-639,4250,mL,10.0
4610130,T58MSI464G,ACARBOSE,mg,50.0,T58MSI464G,ACARBOSE,72789-132,39,1,1.0
4723521,57Y76R9ATQ,NAPROXEN,mg,220.0,9TN87S3A3C,NAPROXEN SODIUM,0113-7368,1883,1,1.0
4730509,7N6JUD5X6Y,BENZALKONIUM,g,0.3,F5UM2KM3W7,BENZALKONIUM CHLORIDE,81242-001,3017,mL,100.0
4564487,Q508Q118JM,ENALAPRILAT ANHYDROUS,mg,2.5,9O25354EPJ,ENALAPRIL MALEATE,72189-282,1005,1,1.0
4578408,TZ47U051FI,DEXTROAMPHETAMINE,mg,2.5,G83415V073,DEXTROAMPHETAMINE SACCHARATE,68382-952,841,1,1.0
4710177,58H6RWO52I,bacitracin,[USPU],400.0,89Y4M234ES,bacitracin zinc,61010-5601,281,g,1.0
4725029,BBX060AN9V,HYDROGEN PEROXIDE,mg,15.0,BBX060AN9V,HYDROGEN PEROXIDE,53462-075,3281,mL,1.0
4699107,5A68WGF6WM,OCTOCRYLENE,mg,23.5,5A68WGF6WM,OCTOCRYLENE,69968-0021,3395,g,1.0
4666585,3K9958V90M,ALCOHOL,mL,70.0,3K9958V90M,ALCOHOL,22431-001,1076,mL,100.0
4720544,7355X3ROTS,Dextromethorphan,mg,15.0,9D2RTI9KYH,Dextromethorphan Hydrobromide,45737-218,842,mL,5.0
4529769,4TI98Z838E,ESTRADIOL,mg,0.037,4TI98Z838E,ESTRADIOL,68968-6637,1057,d,1.0
4512744,XF417D3PSL,ANHYDROUS CITRIC ACID,g,0.042,2968PHW8QP,Citric Acid Monohydrate,14537-828,666,mL,100.0
4712896,92RU3N3Y1O,DIMETHICONE,g,1.0,92RU3N3Y1O,DIMETHICONE,51270-115,3152,g,300.0
4745447,LAV5U5022Y,METHYL SALICYLATE,mL,50.0,LAV5U5022Y,METHYL SALICYLATE,50943-001,4245,mL,100.0
4694568,4Y5P7MUD51,OCTINOXATE,g,75.0,4Y5P7MUD51,OCTINOXATE,72043-2282,4236,g,1000.0
4513151,2FS66TH3YW,ZOLMITRIPTAN,mg,5.0,2FS66TH3YW,ZOLMITRIPTAN,68382-717,2869,1,1.0
4655848,3K9958V90M,ALCOHOL,mL,62.0,3K9958V90M,ALCOHOL,11822-2250,1076,mL,100.0
4616963,V9EFU16ZIF,METHYLTESTOSTERONE,mg,1.25,V9EFU16ZIF,METHYLTESTOSTERONE,51293-639,3356,1,1.0
4556675,X66NSO3N35,THIAMINE,mg,3.0,8K0I04919X,THIAMINE MONONITRATE,63044-153,2832,1,1.0
4540587,699121PHCA,DOCETAXEL ANHYDROUS,mg,20.0,699121PHCA,DOCETAXEL ANHYDROUS,16729-267,939,mL,1.0
4726370,E4GA8884NN,PHOSPHORIC ACID,mg,21.5,E4GA8884NN,PHOSPHORIC ACID,65197-201,4478,mL,5.0
4751034,ND2M416302,ISOPROPYL ALCOHOL,mL,70.0,ND2M416302,ISOPROPYL ALCOHOL,81451-143,4215,mL,100.0
4784756,H6241UJ22B,SELENIUM,mg,10.0,Z69D9E381Q,SELENIUM SULFIDE,65255-409,4274,mL,1.0
4711880,Q80VPU408O,FLUORIDE ION,g,0.02,8ZYQ1474W7,Sodium fluoride,76670-0011,4243,g,100.0
4508193,1C6V77QF41,CHOLECALCIFEROL,[iU],400.0,1C6V77QF41,CHOLECALCIFEROL,10544-549,2840,1,1.0
4704096,ZS9CD1I8YE,BISMUTH CATION,mg,525.0,62TEY51RR1,BISMUTH SUBSALICYLATE,41250-211,4257,mL,15.0
4523175,44YRR34555,LEVETIRACETAM,mg,500.0,44YRR34555,LEVETIRACETAM,72789-152,1563,1,1.0
4603796,23521W1S24,CLAVULANIC ACID,mg,125.0,Q42OMW3AT8,CLAVULANATE POTASSIUM,53002-2390,669,1,1.0
4728659,7N6JUD5X6Y,BENZALKONIUM,g,0.2,F5UM2KM3W7,BENZALKONIUM CHLORIDE,73215-100,3017,mL,200.0
4570998,JKZ19V908O,ASENAPINE,mg,5.0,CU9463U2E2,ASENAPINE MALEATE,59762-2012,4115,1,1.0
4686758,4X49Y0596W,OCTISALATE,g,5.0,4X49Y0596W,OCTISALATE,66391-3001,4241,mL,100.0
4763805,SOI2LOH54Z,ZINC OXIDE,g,17.5,SOI2LOH54Z,ZINC OXIDE,71556-100,4240,g,100.0
4758633,R16CO5Y76E,ASPIRIN,mg,250.0,R16CO5Y76E,ASPIRIN,36800-243,74,1,1.0
4762023,13S1S8SF37,ZINC CATION,mg,82.0,SOI2LOH54Z,ZINC OXIDE,62742-4032,4240,mL,1.0
4500224,0H73WJJ391,TOPIRAMATE,mg,100.0,0H73WJJ391,TOPIRAMATE,70518-2498,2706,1,1.0
4664784,3K9958V90M,ALCOHOL,mL,0.75,3K9958V90M,ALCOHOL,77849-002,1076,mL,1.0
4747835,N20HL7Q941,CAMPHOR (NATURAL),g,4.0,N20HL7Q941,CAMPHOR (NATURAL),73647-040,470,mL,100.0
4553393,82VFR53I78,ARIPIPRAZOLE,mg,15.0,82VFR53I78,ARIPIPRAZOLE,43598-734,242,1,1.0
4670377,3K9958V90M,ALCOHOL,mg,700.0,3K9958V90M,ALCOHOL,64942-1841,1076,mL,1.0
4560788,94ZLA3W45F,ARGININE,g,1.2,94ZLA3W45F,ARGININE,0264-1933,1549,mL,100.0
4538213,YO7261ME24,CETIRIZINE,mg,1.0,64O047KTOA,CETIRIZINE HYDROCHLORIDE,68151-3708,581,mL,1.0
4537044,5Q7ZVV76EI,Warfarin,mg,6.0,6153CWM0CL,Warfarin Sodium,51672-4033,2847,1,1.0
4690121,4Y5P7MUD51,OCTINOXATE,mg,30.0,4Y5P7MUD51,OCTINOXATE,49817-2010,4236,mL,1.0
4623427,XM03YJ541D,PRAZOSIN,mg,1.0,X0Z7454B90,PRAZOSIN HYDROCHLORIDE,70518-2177,4209,1,1.0
4501334,0J48LPH2TH,HYDROCHLOROTHIAZIDE,mg,12.5,0J48LPH2TH,HYDROCHLOROTHIAZIDE,68071-4361,1385,1,1.0
4599593,5SFF1W6677,CEPHALEXIN ANHYDROUS,mg,500.0,OBN7UDS42Y,CEPHALEXIN,61919-410,571,1,1.0
4682725,4X49Y0596W,OCTISALATE,mg,49.6,4X49Y0596W,OCTISALATE,58443-0236,4241,mL,1.0
4513137,2FS66TH3YW,ZOLMITRIPTAN,mg,5.0,2FS66TH3YW,ZOLMITRIPTAN,65841-766,2869,1,1.0
4603054,Q3JTX2Q7TU,DIAZEPAM,mg,5.0,Q3JTX2Q7TU,DIAZEPAM,70518-1270,852,1,1.0
4678548,495W7451VQ,GUAIFENESIN,mg,100.0,495W7451VQ,GUAIFENESIN,36800-775,1336,1,1.0
4602747,H3753190JS,MOEXIPRILAT,mg,15.0,Q1UMG3UH45,MOEXIPRIL HYDROCHLORIDE,68462-208,1827,1,1.0
4731164,7N6JUD5X6Y,BENZALKONIUM,mg,0.05,F5UM2KM3W7,BENZALKONIUM CHLORIDE,12961-114,3017,mL,100.0
4661668,3K9958V90M,ALCOHOL,mL,62.0,3K9958V90M,ALCOHOL,76114-010,1076,mL,100.0
4575685,F446C597KA,TRIAMCINOLONE ACETONIDE,mg,1.0,F446C597KA,TRIAMCINOLONE ACETONIDE,63629-8689,2726,g,1.0
4619461,GEB06NHM23,METOPROLOL,mg,25.0,W5S57Y3A5L,METOPROLOL TARTRATE,53808-1117,1786,1,1.0
4663203,3K9958V90M,ALCOHOL,mL,350.0,3K9958V90M,ALCOHOL,77483-502,1076,mL,500.0
4503035,C045TQL4WP,PHENTERMINE,mg,37.5,0K2I505OTV,PHENTERMINE HYDROCHLORIDE,63629-1044,2140,1,1.0
4736867,G63QQF2NOX,AVOBENZONE,g,3.0,G63QQF2NOX,AVOBENZONE,76853-103,4242,mL,100.0
4622900,7K383OQI23,ZOLPIDEM,mg,6.25,WY6W63843K,Zolpidem Tartrate,68788-8118,2870,1,1.0
4549320,5438723848,VECURONIUM,mg,10.0,7E4PHP5N1D,VECURONIUM BROMIDE,0703-2914,2811,mL,10.0
4510766,21G72T1950,TOLVAPTAN,mg,30.0,21G72T1950,TOLVAPTAN,59148-021,4110,1,1.0
4721397,7355X3ROTS,DEXTROMETHORPHAN,mg,20.0,9D2RTI9KYH,DEXTROMETHORPHAN HYDROBROMIDE,0904-6980,842,mL,10.0
4746192,O414PZ4LPZ,SALICYLIC ACID,g,0.01,LAV5U5022Y,METHYL SALICYLATE,82198-0004,4245,g,1.0
4632543,1WS297W6MV,PHENYLEPHRINE,g,1.0,04JA59TNSJ,PHENYLEPHRINE HYDROCHLORIDE,70000-0506,2146,mL,100.0
4564164,39J1LGJ30J,TRAMADOL,mg,100.0,9N7R477WCK,TRAMADOL HYDROCHLORIDE,76420-244,2711,1,1.0
4599373,O3J8G9O825,RITONAVIR,mg,50.0,O3J8G9O825,RITONAVIR,54868-5566,2391,1,1.0
4724527,B697894SGQ,POLYETHYLENE GLYCOL 400,mg,4.0,B697894SGQ,POLYETHYLENE GLYCOL 400,50804-821,4253,mL,1.0
4576689,26NAK24LS8,HYDRALAZINE,mg,50.0,FD171B778Y,HYDRALAZINE HYDROCHLORIDE,55154-7295,1384,1,1.0
4718112,95OOS7VE0Y,Oxybenzone,mg,30.0,95OOS7VE0Y,Oxybenzone,72203-010,3412,g,1.0
4665459,3K9958V90M,ALCOHOL,mL,70.0,3K9958V90M,ALCOHOL,79337-157,1076,mL,100.0
4531479,55JG375S6M,PREGABALIN,mg,300.0,55JG375S6M,PREGABALIN,25000-186,2255,1,1.0
4745758,O414PZ4LPZ,SALICYLIC ACID,g,0.01,LAV5U5022Y,METHYL SALICYLATE,68233-801,4245,g,1.0
4628598,01ZG3TPX31,BUPROPION,mg,100.0,ZG7E5POY8O,BUPROPION HYDROCHLORIDE,70934-928,435,1,1.0
4679824,4NM5039Y5X,TRICLOSAN,mL,0.115,4NM5039Y5X,TRICLOSAN,49738-720,3631,mL,100.0
4562860,Q51BO43MG4,LEVOTHYROXINE,mg,0.088,9J765S329G,LEVOTHYROXINE SODIUM,0904-6952,2646,1,1.0
4632052,1WS297W6MV,PHENYLEPHRINE,mg,5.0,04JA59TNSJ,PHENYLEPHRINE HYDROCHLORIDE,69842-431,2146,1,1.0
4623390,XM03YJ541D,PRAZOSIN,mg,5.0,X0Z7454B90,PRAZOSIN HYDROCHLORIDE,46708-693,4209,1,1.0
4631332,1WS297W6MV,PHENYLEPHRINE,mg,10.0,04JA59TNSJ,PHENYLEPHRINE HYDROCHLORIDE,50090-5606,2146,1,1.0
4732688,7N6JUD5X6Y,BENZALKONIUM,g,0.13,F5UM2KM3W7,BENZALKONIUM CHLORIDE,11822-7220,3017,mL,100.0
4594411,334895S862,DOXYCYCLINE ANHYDROUS,mg,50.0,N12000U13O,DOXYCYCLINE,49884-726,961,1,1.0
4523699,LYR4M0NH37,SODIUM CATION,g,9.0,451W47IQ8X,SODIUM CHLORIDE,0990-7116,4198,mL,1000.0
4597982,690G0D6V8H,KETAMINE,mg,10.0,O18YUO0I83,KETAMINE HYDROCHLORIDE,68083-504,1523,mL,1.0
4568992,3M7OB98Y7H,SILDENAFIL,mg,0.8,BW9B0ZE037,SILDENAFIL CITRATE,0069-0338,2441,mL,1.0
4704030,ZS9CD1I8YE,BISMUTH CATION,mg,262.0,62TEY51RR1,BISMUTH SUBSALICYLATE,55670-474,4257,1,1.0
4516589,362O9ITL9D,ACETAMINOPHEN,mg,325.0,362O9ITL9D,ACETAMINOPHEN,21695-268,52,1,1.0
4526459,K6106LV5Q8,OSELTAMIVIR ACID,mg,30.0,4A3O49NGEZ,OSELTAMIVIR PHOSPHATE,42291-666,2001,1,1.0
4565890,A4P49JAZ9H,OFLOXACIN,mg,3.0,A4P49JAZ9H,OFLOXACIN,69238-1616,1981,mL,1.0
4758714,R16CO5Y76E,ASPIRIN,mg,250.0,R16CO5Y76E,ASPIRIN,0904-5135,74,1,1.0
4562889,Q51BO43MG4,LEVOTHYROXINE,ug,137.0,9J765S329G,LEVOTHYROXINE SODIUM,82347-0045,2646,1,1.0
4603553,23521W1S24,CLAVULANIC ACID,mg,125.0,Q42OMW3AT8,CLAVULANATE POTASSIUM,72508-221,669,1,1.0
4524496,Q32ZN48698,CHLORIDE ION,g,0.86,451W47IQ8X,SODIUM CHLORIDE,0264-2202,4198,mL,100.0
4609380,13S1S8SF37,ZINC CATION,mg,20.0,SOI2LOH54Z,ZINC OXIDE,13925-117,4240,1,1.0
4633018,1WS297W6MV,PHENYLEPHRINE,mg,5.0,04JA59TNSJ,PHENYLEPHRINE HYDROCHLORIDE,67751-159,2146,1,1.0
4737003,G63QQF2NOX,AVOBENZONE,g,3.0,G63QQF2NOX,AVOBENZONE,69942-050,4242,mL,100.0
4718942,98PI200987,Lidocaine,g,3.4,98PI200987,Lidocaine,82630-001,1579,g,85.0
4775990,V06SV4M95S,HOMOSALATE,mg,150.0,V06SV4M95S,HOMOSALATE,69968-0416,3279,g,1.0
4539044,295O53K152,POTASSIUM CATION,g,1.49,660YQ98I10,POTASSIUM CHLORIDE,65219-118,4199,mL,1000.0
4577642,G162GK9U4W,LEFLUNOMIDE,mg,10.0,G162GK9U4W,LEFLUNOMIDE,23155-043,1552,1,1.0
4746378,O414PZ4LPZ,SALICYLIC ACID,mg,0.6,LAV5U5022Y,METHYL SALICYLATE,55316-318,4245,mL,1.0
4707567,7355X3ROTS,DEXTROMETHORPHAN,mg,10.0,7355X3ROTS,DEXTROMETHORPHAN,0121-0638,842,mL,5.0
4515929,34SSX5LDE5,QUINAPRILAT,mg,20.0,33067B3N2M,QUINAPRIL HYDROCHLORIDE,63304-162,2340,1,1.0
4588346,K72T3FS567,ADENOSINE,mg,3.0,K72T3FS567,ADENOSINE,0641-6113,90,mL,1.0
4662151,3K9958V90M,ALCOHOL,L,73.7,3K9958V90M,ALCOHOL,77335-001,1076,L,100.0
4750507,ND2M416302,ISOPROPYL ALCOHOL,mL,3.75,ND2M416302,ISOPROPYL ALCOHOL,81071-001,4215,mL,100.0
4501749,0J48LPH2TH,HYDROCHLOROTHIAZIDE,mg,25.0,0J48LPH2TH,HYDROCHLOROTHIAZIDE,51407-331,1385,1,1.0
4628334,01ZG3TPX31,BUPROPION,mg,300.0,ZG7E5POY8O,BUPROPION HYDROCHLORIDE,71610-131,435,1,1.0
4637289,15FIX9V2JP,TITANIUM DIOXIDE,g,1.38,15FIX9V2JP,TITANIUM DIOXIDE,61601-1125,4237,mL,30.0
4608466,S88TT14065,OXYGEN,L,99.0,S88TT14065,OXYGEN,63144-001,4235,L,100.0
4674132,3K9958V90M,ALCOHOL,mg,62.0,3K9958V90M,ALCOHOL,41250-122,1076,mL,1.0
4655659,3J50XA376E,THYMOL,mg,0.64,3J50XA376E,THYMOL,11673-072,4258,mL,1.0
4747103,R4KO0DY52L,CHLORHEXIDINE,g,4.0,MOR84MUD8E,CHLORHEXIDINE GLUCONATE,11822-0891,597,mL,100.0
4719969,7355X3ROTS,DEXTROMETHORPHAN,mg,10.0,9D2RTI9KYH,DEXTROMETHORPHAN HYDROBROMIDE,37012-548,842,1,1.0
4646995,362O9ITL9D,ACETAMINOPHEN,1,110.0,362O9ITL9D,ACETAMINOPHEN,51532-0242,52,1,1.0
4543829,8W1IQP3U10,OLMESARTAN,mg,5.0,6M97XTV3HD,OLMESARTAN MEDOXOMIL,60505-4652,1985,1,1.0
4746186,O414PZ4LPZ,SALICYLIC ACID,mg,160.0,LAV5U5022Y,METHYL SALICYLATE,72988-0026,4245,g,6.8
4651083,362O9ITL9D,ACETAMINOPHEN,mg,325.0,362O9ITL9D,ACETAMINOPHEN,70000-0134,52,1,1.0
4636932,15FIX9V2JP,TITANIUM DIOXIDE,g,1.88,15FIX9V2JP,Titanium Dioxide,13733-016,4237,g,25.0
4676506,495W7451VQ,GUAIFENESIN,mg,150.0,495W7451VQ,GUAIFENESIN,43378-125,1336,mL,7.5
4635926,R09078E41Y,DEACETYLBISACODYL,mg,5.0,10X0709Y6I,BISACODYL,11822-0327,375,1,1.0
4754148,O414PZ4LPZ,SALICYLIC ACID,mg,0.01,O414PZ4LPZ,SALICYLIC ACID,65112-268,2416,mg,1.0
4751235,ND2M416302,ISOPROPYL ALCOHOL,mL,70.0,ND2M416302,ISOPROPYL ALCOHOL,76162-810,4215,mL,100.0
4682448,4X49Y0596W,Octisalate,mg,50.0,4X49Y0596W,Octisalate,49358-564,4241,g,1.0
4574290,3U02EL437C,CLINDAMYCIN,g,1.0,EH6D7113I8,CLINDAMYCIN PHOSPHATE,68682-462,3909,mL,10.0
4558586,Q80VPU408O,FLUORIDE ION,mg,11.0,8ZYQ1474W7,SODIUM FLUORIDE,0404-6919,4243,g,1.0
4777529,V06SV4M95S,HOMOSALATE,g,15.0,V06SV4M95S,HOMOSALATE,72344-102,3279,mL,100.0
4500572,0H73WJJ391,TOPIRAMATE,mg,50.0,0H73WJJ391,TOPIRAMATE,68382-139,2706,1,1.0
4641785,15FIX9V2JP,TITANIUM DIOXIDE,mg,51.0,15FIX9V2JP,TITANIUM DIOXIDE,69879-103,4237,mL,1.0
4521957,6158TKW0C5,PHENYTOIN,mg,100.0,4182431BJH,PHENYTOIN SODIUM,71610-479,2152,1,1.0
4543047,2I4BC502BT,SALMETEROL,ug,14.0,6EW8Q962A5,SALMETEROL XINAFOATE,59310-510,2419,1,1.0
4775488,V06SV4M95S,HOMOSALATE,mg,150.0,V06SV4M95S,HOMOSALATE,49967-520,3279,mL,1.0
4520500,JMS50MPO89,LOSARTAN,mg,100.0,3ST302B24A,LOSARTAN POTASSIUM,13668-118,1610,1,1.0
4695328,4Y5P7MUD51,Octinoxate,mg,30.0,4Y5P7MUD51,Octinoxate,49967-406,4236,mL,1.0
4755422,F8VB5M810T,TETRACYCLINE,mg,30.0,P6R62377KV,TETRACYCLINE HYDROCHLORIDE,69006-012,2611,mL,1.0
4515383,2ZM8CX04RZ,INSULIN GLARGINE,[iU],100.0,2ZM8CX04RZ,INSULIN GLARGINE,12854-433,4901,mL,1.0
4553448,82VFR53I78,Aripiprazole,mg,10.0,82VFR53I78,Aripiprazole,27241-053,242,1,1.0
4526254,49717AWG6K,RIBAVIRIN,mg,200.0,49717AWG6K,RIBAVIRIN,65862-207,2373,1,1.0
4533413,57Y76R9ATQ,NAPROXEN,mg,500.0,57Y76R9ATQ,NAPROXEN,63739-403,1883,1,1.0
4724121,9YQ9DI1W42,Ensulizole,g,0.5,9YQ9DI1W42,Ensulizole,14783-049,3179,g,50.0
4683653,4X49Y0596W,OCTISALATE,g,5.0,4X49Y0596W,OCTISALATE,64942-1355,4241,mL,100.0
4646113,339NCG44TV,PHENOL,g,1.5,339NCG44TV,PHENOL,50804-377,4266,mL,100.0
4639260,15FIX9V2JP,Titanium Dioxide,g,0.024,15FIX9V2JP,Titanium Dioxide,14141-079,4237,g,1.0
4704528,YO7261ME24,CETIRIZINE,mg,5.0,64O047KTOA,CETIRIZINE HYDROCHLORIDE,0113-0176,581,1,1.0
4582347,01K63SUP8D,FLUOXETINE,mg,20.0,I9W7N6B1KJ,FLUOXETINE HYDROCHLORIDE,10544-065,1209,1,1.0
4687145,4X49Y0596W,OCTISALATE,mg,45.0,4X49Y0596W,OCTISALATE,79481-9924,4241,mL,1.0
4603345,Q40Q9N063P,ACETIC ACID,mg,20.65,Q40Q9N063P,ACETIC ACID,50383-889,4211,mL,1.0
4573374,7Q3P4BS2FD,LISINOPRIL ANHYDROUS,mg,10.0,E7199S1YWR,LISINOPRIL,55700-479,1587,1,1.0
4574021,JHC049LO86,Alogliptin,mg,12.5,EEN99869SC,Alogliptin Benzoate,45802-238,4340,1,1.0
4744292,K72T3FS567,ADENOSINE,g,0.002,K72T3FS567,Adenosine,71635-030,90,g,23.0
4636842,15FIX9V2JP,Titanium dioxide,g,0.54,15FIX9V2JP,Titanium dioxide,52685-392,4237,g,12.0
4772084,8GTS82S83M,DIPHENHYDRAMINE,mg,25.0,TC2D6JAD40,DIPHENHYDRAMINE HYDROCHLORIDE,70677-1149,916,1,1.0
4629298,T2410KM04A,HEPARIN,[USPU],1000.0,ZZ45AB24CA,HEPARIN SODIUM,0069-0043,1358,mL,1.0
4783654,WK2XYI10QM,IBUPROFEN,mg,200.0,WK2XYI10QM,IBUPROFEN,36800-286,1407,1,1.0
4539769,D8TST4O562,PANTOPRAZOLE,mg,40.0,6871619Q5X,PANTOPRAZOLE SODIUM,67046-535,2054,1,1.0
4751212,ND2M416302,ISOPROPYL ALCOHOL,L,2.835,ND2M416302,ISOPROPYL ALCOHOL,79561-011,4215,L,3.78
4514318,BGL0JSY5SI,QUETIAPINE,mg,300.0,2S3PL1B6UJ,QUETIAPINE FUMARATE,31722-768,2337,1,1.0
4503864,6S49DGR869,CANAGLIFLOZIN ANHYDROUS,mg,50.0,0SAC974Z85,CANAGLIFLOZIN,50458-541,4758,1,1.0
4685846,4X49Y0596W,OCTISALATE,mg,41.7,4X49Y0596W,OCTISALATE,13630-0244,4241,mL,1.0
4672405,3K9958V90M,ALCOHOL,mL,80.0,3K9958V90M,ALCOHOL,75540-941,1076,mL,100.0
4776373,V06SV4M95S,HOMOSALATE,mg,150.0,V06SV4M95S,homosalate,49967-766,3279,mL,1.0
4671172,3K9958V90M,ALCOHOL,mL,0.7,3K9958V90M,ALCOHOL,72308-040,1076,mL,1.0
4771909,8GTS82S83M,DIPHENHYDRAMINE,mg,2.0,TC2D6JAD40,DIPHENHYDRAMINE HYDROCHLORIDE,69452-376,916,mL,100.0
4612660,U3H27498KS,LAMOTRIGINE,mg,25.0,U3H27498KS,LAMOTRIGINE,0904-7007,1540,1,1.0
4622758,7K383OQI23,ZOLPIDEM,mg,10.0,WY6W63843K,ZOLPIDEM TARTRATE,43353-617,2870,1,1.0
4591855,5SL0G7R0OK,ANHYDROUS DEXTROSE,g,4.25,LX22YL083G,DEXTROSE MONOHYDRATE,0941-0429,845,mL,100.0
4583129,IA7306519N,ISOSORBIDE DINITRATE,mg,10.0,IA7306519N,ISOSORBIDE DINITRATE,51407-148,1505,1,1.0
4625533,ENR1LLB0FP,DESMOPRESSIN,mg,0.2,XB13HYU18U,DESMOPRESSIN ACETATE,70518-3125,817,1,1.0
4625285,X7WDT95N5C,GLIPIZIDE,mg,2.5,X7WDT95N5C,GLIPIZIDE,0049-0170,1301,1,1.0
4764310,SOI2LOH54Z,ZINC OXIDE,g,0.013,SOI2LOH54Z,ZINC OXIDE,59779-728,4240,g,1.0
4539939,D8TST4O562,PANTOPRAZOLE,mg,20.0,6871619Q5X,PANTOPRAZOLE SODIUM,80425-0179,2054,1,1.0
4503314,0K47UL67F2,CARVEDILOL,mg,12.5,0K47UL67F2,CARVEDILOL,71335-2026,522,1,1.0
4709881,068X84E056,PRAMOXINE,mg,1.0,88AYB867L5,PRAMOXINE HYDROCHLORIDE,49967-970,3487,mL,1.0
4515885,32HRV3E3D5,GRISEOFULVIN,mg,125.0,32HRV3E3D5,GRISEOFULVIN,62135-968,1331,mL,5.0
4695369,4Y5P7MUD51,OCTINOXATE,g,6.99,4Y5P7MUD51,OCTINOXATE,50184-1011,4236,mL,100.0
4617632,VB0R961HZT,PREDNISONE,mg,20.0,VB0R961HZT,PREDNISONE,61919-326,2253,1,1.0
4535015,5PE9FDE8GB,CLONAZEPAM,mg,0.5,5PE9FDE8GB,CLONAZEPAM,58118-0832,703,1,1.0
4776736,V06SV4M95S,HOMOSALATE,g,9.8,V06SV4M95S,HOMOSALATE,76150-333,3279,mL,100.0
4662627,3K9958V90M,ALCOHOL,L,71.0,3K9958V90M,ALCOHOL,49967-385,1076,L,100.0
4771493,8GTS82S83M,DIPHENHYDRAMINE,mg,12.5,TC2D6JAD40,DIPHENHYDRAMINE HYDROCHLORIDE,54838-135,916,mL,5.0
4685247,4X49Y0596W,OCTISALATE,mg,50.0,4X49Y0596W,OCTISALATE,58414-0024,4241,g,1.0
4684497,4X49Y0596W,OCTISALATE,g,5.0,4X49Y0596W,Octisalate,71014-370,4241,g,100.0
4631541,1WS297W6MV,PHENYLEPHRINE,mg,10.0,04JA59TNSJ,PHENYLEPHRINE HYDROCHLORIDE,37808-558,2146,1,1.0
4528446,YZI5105V0L,KETOROLAC,mg,10.0,4EVE5946BQ,KETOROLAC TROMETHAMINE,70518-3308,1529,1,1.0
4734903,G63QQF2NOX,AVOBENZONE,g,2.0,G63QQF2NOX,AVOBENZONE,51770-111,4242,mL,100.0
4716943,95OOS7VE0Y,OXYBENZONE,mg,50.0,95OOS7VE0Y,OXYBENZONE,37808-972,3412,g,1.0
4594325,WK2XYI10QM,IBUPROFEN,mg,10.0,N01ORX9D6S,IBUPROFEN LYSINE,66993-490,1407,mL,1.0
4576616,26NAK24LS8,HYDRALAZINE,mg,10.0,FD171B778Y,HYDRALAZINE HYDROCHLORIDE,31722-519,1384,1,1.0
4595244,N762921K75,Nitrogen,mL,500.0,N762921K75,Nitrogen,54776-002,4251,L,1.0
4612508,B76N6SBZ8R,GEMCITABINE,mg,38.0,U347PV74IL,GEMCITABINE HYDROCHLORIDE,0409-0182,1283,mL,1.0
4574528,G819A456D0,ABIRATERONE,mg,500.0,EM5OCB9YJ6,ABIRATERONE ACETATE,69238-1754,4176,1,1.0
4607469,S88TT14065,OXYGEN,mL,99.0,S88TT14065,OXYGEN,54595-001,4235,L,1.0
4652719,362O9ITL9D,ACETAMINOPHEN,mg,650.0,362O9ITL9D,ACETAMINOPHEN,37000-808,52,mL,30.0
4560054,927AH8112L,NITROFURANTOIN,mg,50.0,927AH8112L,NITROFURANTOIN,43063-675,1949,1,1.0
4515292,2ZD004190S,THREONINE,mg,400.0,2ZD004190S,THREONINE,0990-7172,4254,mL,100.0
4681886,4X49Y0596W,OCTISALATE,mg,40.0,4X49Y0596W,OCTISALATE,69038-045,4241,mL,1.0
4731801,7N6JUD5X6Y,BENZALKONIUM,g,0.13,F5UM2KM3W7,BENZALKONIUM CHLORIDE,54340-163,3017,mL,100.0
4611276,3H48L0LPZQ,IVABRADINE,mg,5.0,TP19837BZK,IVABRADINE HYDROCHLORIDE,55513-813,3312,mL,5.0
4664062,3K9958V90M,ALCOHOL,mL,80.0,3K9958V90M,ALCOHOL,60614-0011,1076,mL,200.0
4601833,5JKY92S7BR,TIMOLOL ANHYDROUS,mg,3.4,P8Y54F701R,TIMOLOL MALEATE,50742-287,4061,mL,1.0
4512301,27O7W4T232,SPIRONOLACTONE,mg,25.0,27O7W4T232,SPIRONOLACTONE,63629-1069,2475,1,1.0
4539388,295O53K152,POTASSIUM CATION,g,0.15,660YQ98I10,POTASSIUM CHLORIDE,0264-7655,4199,mL,100.0
4536026,4O4S742ANY,ESCITALOPRAM,mg,20.0,5U85DBW7LO,ESCITALOPRAM OXALATE,50090-5831,1053,1,1.0
4608525,S88TT14065,OXYGEN,L,99.0,S88TT14065,OXYGEN,72660-001,4235,L,100.0
4581602,0DHU5B8D6V,CITALOPRAM,mg,40.0,I1E9D14F36,CITALOPRAM HYDROBROMIDE,10544-182,663,1,1.0
4718064,95OOS7VE0Y,OXYBENZONE,mg,60.0,95OOS7VE0Y,OXYBENZONE,69968-0627,3412,mL,1.0
4557931,8VZV102JFY,FLUCONAZOLE,mg,100.0,8VZV102JFY,FLUCONAZOLE,50268-337,1187,1,1.0
4686894,4X49Y0596W,OCTISALATE,g,5.0,4X49Y0596W,OCTISALATE,59735-216,4241,mL,30.0
4683809,4X49Y0596W,OCTISALATE,mg,50.5,4X49Y0596W,OCTISALATE,0869-0714,4241,mL,1.0
4638063,15FIX9V2JP,TITANIUM DIOXIDE,mg,60.0,15FIX9V2JP,TITANIUM DIOXIDE,71355-819,4237,mL,1.0
4676337,Q32ZN48698,CHLORIDE ION,g,1.0,451W47IQ8X,SODIUM CHLORIDE,70369-007,4198,1,1.0
4648601,362O9ITL9D,acetaminophen,mg,325.0,362O9ITL9D,acetaminophen,50580-515,52,1,1.0
4536798,5Q7ZVV76EI,WARFARIN,mg,5.0,6153CWM0CL,WARFARIN SODIUM,71610-498,2847,1,1.0
4664861,3K9958V90M,ALCOHOL,mL,85.0,3K9958V90M,ALCOHOL,76718-004,1076,mL,100.0
4559464,O5TNM5N07U,DULOXETINE,mg,60.0,9044SC542W,DULOXETINE HYDROCHLORIDE,60429-166,972,1,1.0
4617096,VB0R961HZT,PREDNISONE,mg,20.0,VB0R961HZT,PREDNISONE,10544-509,2253,1,1.0
4767005,SOI2LOH54Z,ZINC OXIDE,g,17.0,SOI2LOH54Z,ZINC OXIDE,11090-264,4240,g,100.0
4657748,3K9958V90M,ALCOHOL,mL,67.0,3K9958V90M,ALCOHOL,43473-104,1076,mL,100.0
4510959,22X328QOC4,FULVESTRANT,mg,250.0,22X328QOC4,FULVESTRANT,70121-1463,1255,mL,5.0
4733924,G07GZ97H65,CLOTRIMAZOLE,g,1.0,G07GZ97H65,CLOTRIMAZOLE,72103-525,719,g,100.0
4773607,V06SV4M95S,Homosalate,mL,15.0,V06SV4M95S,Homosalate,64269-9907,3279,mL,100.0
4507811,334895S862,DOXYCYCLINE ANHYDROUS,mg,200.0,19XTS3T51U,DOXYCYCLINE HYCLATE,62332-484,961,1,1.0
4706038,6M3C89ZY6R,NICOTINE,mg,4.0,6M3C89ZY6R,NICOTINE,58602-906,1920,1,1.0
4772340,U3RSY48JW5,BENZOCAINE,g,34.05,U3RSY48JW5,BENZOCAINE,24488-003,323,g,454.0
4729884,7N6JUD5X6Y,BENZALKONIUM,g,0.2,F5UM2KM3W7,BENZALKONIUM CHLORIDE,77731-104,3017,1,100.0
4497582,75J73V1629,CEFTRIAXONE,g,1.0,023Z5BR09K,CEFTRIAXONE SODIUM,0143-9857,564,1,1.0
4777229,V06SV4M95S,HOMOSALATE,g,7.0,V06SV4M95S,HOMOSALATE,63354-080,3279,g,100.0
4747766,N20HL7Q941,CAMPHOR (NATURAL),mg,50.0,N20HL7Q941,CAMPHOR (NATURAL),10842-102,470,mL,1.0
4604002,Q8X02027X3,GEMFIBROZIL,mg,600.0,Q8X02027X3,GEMFIBROZIL,68788-6447,1285,1,1.0
4669169,3K9958V90M,ALCOHOL,mL,75.0,3K9958V90M,ALCOHOL,81191-003,1076,mL,100.0
4676034,820484N8I3,HISTAMINE,g,0.0,3POA0Q644U,HISTAMINE DIHYDROCHLORIDE,61577-8122,1375,g,1.0
4681906,4X49Y0596W,OCTISALATE,mg,40.0,4X49Y0596W,OCTISALATE,69038-029,4241,mL,1.0
4622243,7QWA1RIO01,".ALPHA.-TOCOPHEROL, DL-",[iU],10.0,WR1WPI7EW8,".ALPHA.-TOCOPHEROL ACETATE, DL-",75854-309,4195,1,1.0
4550934,9EM05410Q9,AMOXICILLIN ANHYDROUS,mg,875.0,804826J2HU,AMOXICILLIN,66116-477,192,1,1.0
4701145,5A68WGF6WM,OCTOCRYLENE,mg,100.0,5A68WGF6WM,OCTOCRYLENE,49967-137,3395,g,1.0
4729689,7N6JUD5X6Y,BENZALKONIUM,1,0.001,F5UM2KM3W7,BENZALKONIUM CHLORIDE,74680-102,3017,1,1.0
4729327,7N6JUD5X6Y,BENZALKONIUM,g,0.13,F5UM2KM3W7,BENZALKONIUM CHLORIDE,72766-003,3017,1,1.0
4526537,K6106LV5Q8,OSELTAMIVIR ACID,mg,6.0,4A3O49NGEZ,OSELTAMIVIR PHOSPHATE,69238-1273,2001,mL,1.0
4632157,1WS297W6MV,PHENYLEPHRINE,mg,10.0,04JA59TNSJ,PHENYLEPHRINE HYDROCHLORIDE,0363-1723,2146,mL,20.0
4690562,4Y5P7MUD51,OCTINOXATE,g,7.5,4Y5P7MUD51,OCTINOXATE,70325-3002,4236,mL,100.0
4516574,362O9ITL9D,ACETAMINOPHEN,mg,500.0,362O9ITL9D,ACETAMINOPHEN,16590-581,52,1,1.0
4676127,WI4X0X7BPJ,HYDROCORTISONE,g,1.0,3X7931PO74,HYDROCORTISONE ACETATE,67777-003,4213,g,100.0
4559316,O5TNM5N07U,DULOXETINE,mg,40.0,9044SC542W,DULOXETINE HYDROCHLORIDE,47335-618,972,1,1.0
4572194,Z67X93HJG1,colistin,mg,150.0,DL2R53P963,colistimethate,45932-0023,731,mL,2.0
4549985,7LXU5N7ZO5,FUROSEMIDE,mg,80.0,7LXU5N7ZO5,FUROSEMIDE,72789-033,1258,1,1.0
4549219,GRZ5RCB1QG,VENLAFAXINE,mg,75.0,7D7RX5A8MO,VENLAFAXINE HYDROCHLORIDE,13668-019,2813,1,1.0
4738027,G63QQF2NOX,AVOBENZONE,mg,2.5,G63QQF2NOX,AVOBENZONE,51514-0356,4242,mg,100.0
4661768,3K9958V90M,ALCOHOL,mL,70.0,3K9958V90M,ALCOHOL,70741-007,1076,mL,100.0
4585183,JCX84Q7J1L,CELECOXIB,mg,200.0,JCX84Q7J1L,CELECOXIB,71205-027,568,1,1.0
4611821,MHM278SD3E,MONTELUKAST,mg,4.0,U1O3J18SFL,MONTELUKAST SODIUM,0781-5554,1836,1,1.0
4647021,362O9ITL9D,ACETAMINOPHEN,mg,325.0,362O9ITL9D,ACETAMINOPHEN,68016-655,52,1,1.0
4677464,495W7451VQ,GUAIFENESIN,mg,1200.0,495W7451VQ,GUAIFENESIN,59726-832,1336,1,1.0
4645399,E6582LOH6V,FEXOFENADINE,mg,180.0,2S068B75ZU,FEXOFENADINE HYDROCHLORIDE,71205-531,1170,1,1.0
4742347,2M83C4R6ZB,CALCIUM CATION,mg,750.0,H0G9379FGK,CALCIUM CARBONATE,30142-200,4239,1,1.0
4643391,15FIX9V2JP,TITANIUM DIOXIDE,mg,9.4,15FIX9V2JP,TITANIUM DIOXIDE,49817-2065,4237,mL,1.0
4763382,SOI2LOH54Z,ZINC OXIDE,mg,189.0,SOI2LOH54Z,ZINC OXIDE,62742-4162,4240,mL,1.0
4666086,3K9958V90M,ALCOHOL,mL,45.0,3K9958V90M,ALCOHOL,79585-080,1076,mL,75.0
4762328,SOI2LOH54Z,ZINC OXIDE,mL,1.24,SOI2LOH54Z,ZINC OXIDE,29565-500,4240,mL,5.0
4616816,A14FB57V1D,GLYCOPYRRONIUM,mg,1.0,V92SO9WP2I,GLYCOPYRROLATE,68788-8279,4302,1,1.0
4647529,362O9ITL9D,ACETAMINOPHEN,mg,325.0,362O9ITL9D,ACETAMINOPHEN,41520-270,52,1,1.0
4500344,0H73WJJ391,TOPIRAMATE,mg,50.0,0H73WJJ391,TOPIRAMATE,71335-1064,2706,1,1.0
4672652,3K9958V90M,ALCOHOL,mL,70.0,3K9958V90M,ALCOHOL,79996-900,1076,mL,100.0
4776377,V06SV4M95S,HOMOSALATE,g,8.0,V06SV4M95S,HOMOSALATE,73318-4321,3279,mL,100.0
4574468,3U02EL437C,CLINDAMYCIN,mg,18.0,EH6D7113I8,CLINDAMYCIN PHOSPHATE,0009-9890,3909,mL,1.0
4775458,V06SV4M95S,HOMOSALATE,g,10.0,V06SV4M95S,HOMOSALATE,74884-259,3279,g,100.0
4722500,7355X3ROTS,DEXTROMETHORPHAN,mg,30.0,9D2RTI9KYH,DEXTROMETHORPHAN HYDROBROMIDE,49348-975,842,mL,30.0
4610688,GEB06NHM23,METOPROLOL,mg,25.0,TH25PD4CCB,METOPROLOL SUCCINATE,50816-025,1786,1,1.0
4677489,495W7451VQ,GUAIFENESIN,mg,100.0,495W7451VQ,GUAIFENESIN,58602-152,1336,mL,5.0
4518342,T6V3LHY838,MAGNESIUM CATION,mg,200.0,3A3U0GI71G,MAGNESIUM OXIDE,59088-193,4293,1,1.0
4782253,WK2XYI10QM,IBUPROFEN,mg,100.0,WK2XYI10QM,IBUPROFEN,0113-0897,1407,mL,5.0
4701945,5QB0T2IUN0,ALUMINUM HYDROXIDE,mg,320.0,5QB0T2IUN0,ALUMINUM HYDROXIDE,0536-0091,4250,mL,5.0
4513470,2M36281008,Etodolac,mg,500.0,2M36281008,Etodolac,60505-0102,1103,1,1.0
4581428,HW6NV07QEC,AMBRISENTAN,mg,10.0,HW6NV07QEC,AMBRISENTAN,0378-4271,4337,1,1.0
4751600,ND2M416302,ISOPROPYL ALCOHOL,mL,7.5,ND2M416302,ISOPROPYL ALCOHOL,77761-102,4215,1,1.0
4503107,0K47UL67F2,carvedilol,mg,12.5,0K47UL67F2,CARVEDILOL,10544-190,522,1,1.0
4580959,3L5TQ84570,MECLIZINE,mg,25.0,HDP7W44CIO,MECLIZINE HYDROCHLORIDE,51655-107,1649,1,1.0
4554343,413KH5ZJ73,ROSUVASTATIN,mg,20.0,83MVU38M7Q,ROSUVASTATIN CALCIUM,16714-990,2406,1,1.0
4590849,X4W7ZR7023,METHYLPREDNISOLONE,mg,500.0,LEC9GKY20K,METHYLPREDNISOLONE SODIUM SUCCINATE,0009-0758,1771,mL,1.0
4762440,SOI2LOH54Z,Zinc Oxide,mg,70.0,SOI2LOH54Z,Zinc Oxide,41442-149,4240,mL,1.0
4713557,92RU3N3Y1O,DIMETHICONE,mg,180.0,92RU3N3Y1O,DIMETHICONE,59726-873,3152,1,1.0
4591146,LW0TIW155Z,NABUMETONE,mg,500.0,LW0TIW155Z,NABUMETONE,0185-0145,1863,1,1.0
4562045,9HW64Q8G6G,EVEROLIMUS,mg,2.5,9HW64Q8G6G,EVEROLIMUS,0093-7766,1118,1,1.0
4743104,HPN8MZW13M,ALUMINUM CHLOROHYDRATE,g,20.2,HPN8MZW13M,ALUMINUM CHLOROHYDRATE,64942-1684,4495,g,100.0
4520107,8SSC91326P,DONEPEZIL,mg,10.0,3O2T2PJ89D,DONEPEZIL HYDROCHLORIDE,69238-1248,946,1,1.0
4614619,QUC7NX6WMB,SERTRALINE,mg,20.0,UTI8907Y6X,SERTRALINE HYDROCHLORIDE,59762-0067,2436,mL,1.0
4560451,935E97BOY8,Folic Acid,mg,680.0,935E97BOY8,Folic Acid,0642-7473,1231,1,1.0
4679391,495W7451VQ,GUAIFENESIN,mg,1200.0,495W7451VQ,GUAIFENESIN,37808-730,1336,1,1.0
4637958,15FIX9V2JP,TITANIUM DIOXIDE,g,0.024,15FIX9V2JP,TITANIUM DIOXIDE,13537-000,4237,g,1.0
4734026,G07GZ97H65,CLOTRIMAZOLE,g,1.0,G07GZ97H65,CLOTRIMAZOLE,10135-671,719,mL,1.0
4739537,G63QQF2NOX,AVOBENZONE,g,3.0,G63QQF2NOX,AVOBENZONE,70157-009,4242,mL,100.0
4645026,25X51I8RD4,NIACINAMIDE,g,2.0,25X51I8RD4,Niacinamide,82485-070,1906,mL,100.0
4658302,3K9958V90M,ALCOHOL,mL,0.75,3K9958V90M,ALCOHOL,73818-001,1076,mL,1.0
4540855,6CW7F3G59X,GABAPENTIN,mg,800.0,6CW7F3G59X,GABAPENTIN,50436-7286,1264,1,1.0
4732706,7N6JUD5X6Y,BENZALKONIUM,g,0.13,F5UM2KM3W7,BENZALKONIUM CHLORIDE,52305-601,3017,mL,100.0
4631610,1WS297W6MV,PHENYLEPHRINE,mg,5.0,04JA59TNSJ,PHENYLEPHRINE HYDROCHLORIDE,47682-509,2146,1,1.0
4662378,3K9958V90M,ALCOHOL,mL,70.0,3K9958V90M,ALCOHOL,74044-1009,1076,mL,100.0
4520208,JMS50MPO89,LOSARTAN,mg,100.0,3ST302B24A,LOSARTAN POTASSIUM,21695-831,1610,1,1.0
4674115,3K9958V90M,ALCOHOL,g,1.0,3K9958V90M,ALCOHOL,82725-2002,1076,g,1.0
4520997,3U02EL437C,CLINDAMYCIN,mg,150.0,3U02EL437C,CLINDAMYCIN,67457-816,678,mL,1.0
4706577,6SO6U10H04,BIOTIN,g,0.06,6SO6U10H04,BIOTIN,50653-2001,373,g,100.0
4735703,G63QQF2NOX,AVOBENZONE,g,3.0,G63QQF2NOX,AVOBENZONE,12027-209,4242,g,100.0
4723526,57Y76R9ATQ,NAPROXEN,mg,220.0,9TN87S3A3C,NAPROXEN SODIUM,30142-617,1883,1,1.0
4688410,4Y5P7MUD51,Octinoxate,g,7.5,4Y5P7MUD51,Octinoxate,10157-9539,4236,g,100.0
4782900,WK2XYI10QM,IBUPROFEN,mg,100.0,WK2XYI10QM,IBUPROFEN,70000-0264,1407,mL,5.0
4541671,6CW7F3G59X,GABAPENTIN,mg,800.0,6CW7F3G59X,GABAPENTIN,80425-0158,1264,1,1.0
4658085,3K9958V90M,Alcohol,mL,0.62,3K9958V90M,Alcohol,66715-7012,1076,mL,1.0
4534435,U782C039QP,GLATIRAMER,mg,40.0,5M691HL4BO,GLATIRAMER ACETATE,68546-325,4880,mL,1.0
4620747,WI4X0X7BPJ,HYDROCORTISONE,g,0.5,WI4X0X7BPJ,HYDROCORTISONE,72934-6100,1388,g,100.0
4574512,3U02EL437C,CLINDAMYCIN,mg,10.0,EH6D7113I8,CLINDAMYCIN PHOSPHATE,50090-6593,3909,mL,1.0
4665941,3K9958V90M,ALCOHOL,g,75.0,3K9958V90M,ALCOHOL,78936-015,1076,g,100.0
4545442,7318FJ13YJ,THIOTHIXENE,mg,2.0,7318FJ13YJ,THIOTHIXENE,51079-587,2639,1,1.0
4660046,3K9958V90M,ALCOHOL,mL,70.0,3K9958V90M,ALCOHOL,75192-500,1076,mL,100.0
4671353,3K9958V90M,ALCOHOL,mL,70.0,3K9958V90M,ALCOHOL,74508-308,1076,mL,100.0
4670040,3K9958V90M,ALCOHOL,mL,0.75,3K9958V90M,ALCOHOL,80171-003,1076,mL,1.0
4715331,95OOS7VE0Y,Oxybenzone,g,0.009,95OOS7VE0Y,Oxybenzone,13537-532,3412,g,1.0
4672823,3K9958V90M,ALCOHOL,mL,75.0,3K9958V90M,ALCOHOL,77490-075,1076,mL,100.0
4651800,362O9ITL9D,ACETAMINOPHEN,mg,325.0,362O9ITL9D,ACETAMINOPHEN,49035-623,52,mL,10.0
4584656,J7A92W69L7,DROXIDOPA,mg,300.0,J7A92W69L7,DROXIDOPA,68180-989,971,1,1.0
4575294,F38R0JR742,LUMEFANTRINE,mg,120.0,F38R0JR742,LUMEFANTRINE,0078-0568,1617,1,1.0
4511863,1806D8D52K,AMITRIPTYLINE,mg,50.0,26LUD4JO9K,AMITRIPTYLINE HYDROCHLORIDE,71335-1256,180,1,1.0
4567221,AN164J8Y0X,TRIMETHOPRIM,mg,160.0,AN164J8Y0X,TRIMETHOPRIM,65162-272,2755,1,1.0
4503012,C045TQL4WP,PHENTERMINE,mg,15.0,0K2I505OTV,PHENTERMINE HYDROCHLORIDE,71335-1860,2140,1,1.0
4548599,GRZ5RCB1QG,VENLAFAXINE,mg,150.0,7D7RX5A8MO,VENLAFAXINE HYDROCHLORIDE,72189-066,2813,1,1.0
4576427,9Y8NXQ24VQ,PROPRANOLOL,mg,20.0,F8A3652H1V,PROPRANOLOL HYDROCHLORIDE,0904-6705,2303,1,1.0
4784782,Z69D9E381Q,SELENIUM SULFIDE,mg,10.0,Z69D9E381Q,SELENIUM SULFIDE,49035-918,4274,mL,1.0
4612997,U3H27498KS,LAMOTRIGINE,mg,25.0,U3H27498KS,LAMOTRIGINE,0115-1526,1540,1,1.0
4674279,3K9958V90M,ALCOHOL,mL,70.0,3K9958V90M,ALCOHOL,80588-022,1076,mL,100.0
4669506,3K9958V90M,ALCOHOL,mL,70.0,3K9958V90M,ALCOHOL,63146-313,1076,mL,100.0
4780640,7NNO0D7S5M,MICONAZOLE,mg,20.0,VW4H1CYW1K,MICONAZOLE NITRATE,68345-817,1800,g,1.0
4736895,G63QQF2NOX,AVOBENZONE,g,3.0,G63QQF2NOX,AVOBENZONE,73561-001,4242,mL,100.0
4647264,362O9ITL9D,ACETAMINOPHEN,mg,500.0,362O9ITL9D,ACETAMINOPHEN,68998-092,52,1,1.0
4530065,B6E06QE59J,Mepivacaine,mg,30.0,4VFX2L7EM5,Mepivacaine Hydrochloride,43128-005,1700,mL,1.0
4755901,PDC6A3C0OX,GLYCERIN,mg,3.0,PDC6A3C0OX,GLYCERIN,64539-011,1316,mL,1.0
4569921,HSU1C9YRES,MEDROXYPROGESTERONE,mg,5.0,C2QI4IOI2G,MEDROXYPROGESTERONE ACETATE,68788-8112,1659,1,1.0
4551514,9EM05410Q9,AMOXICILLIN ANHYDROUS,mg,500.0,804826J2HU,AMOXICILLIN,0093-2274,192,1,1.0
4648142,362O9ITL9D,ACETAMINOPHEN,mg,325.0,362O9ITL9D,ACETAMINOPHEN,30142-704,52,1,1.0
4589555,6N5U4QFC3G,RAMIPRILAT,mg,2.5,L35JN3I7SJ,RAMIPRIL,63187-915,2356,1,1.0
4556389,BKJ8M8G5HI,IMATINIB,mg,400.0,8A1O1M485B,IMATINIB MESYLATE,63629-2068,1423,1,1.0
4611248,TN9BEX005G,bivalirudin,mg,5.0,TN9BEX005G,bivalirudin,70860-403,385,mL,1.0
4540493,AB2794W8KV,PHENDIMETRAZINE,mg,35.0,6985IP0T80,PHENDIMETRAZINE TARTRATE,0185-4057,2122,1,1.0
4780035,95QB77JKPL,DOXYLAMINE,mg,6.25,V9BI9B5YI2,DOXYLAMINE SUCCINATE,50844-266,962,1,1.0
4647475,362O9ITL9D,ACETAMINOPHEN,mg,500.0,362O9ITL9D,ACETAMINOPHEN,41250-711,52,1,1.0
4534891,5P4DHS6ENR,BENZONATATE,mg,200.0,5P4DHS6ENR,BENZONATATE,68071-2562,326,1,1.0
4678500,495W7451VQ,GUAIFENESIN,mg,200.0,495W7451VQ,GUAIFENESIN,67414-402,1336,1,1.0
4516888,362O9ITL9D,ACETAMINOPHEN,mg,325.0,362O9ITL9D,ACETAMINOPHEN,51862-179,52,1,1.0
4501529,0J48LPH2TH,HYDROCHLOROTHIAZIDE,mg,12.5,0J48LPH2TH,HYDROCHLOROTHIAZIDE,0054-0546,1385,1,1.0
4663663,3K9958V90M,ALCOHOL,mL,60.0,3K9958V90M,ALCOHOL,70483-008,1076,mL,100.0
4734555,G63QQF2NOX,AVOBENZONE,mL,1.5,G63QQF2NOX,AVOBENZONE,11489-059,4242,mL,50.0
4675036,3K9958V90M,ALCOHOL,g,54.7,3K9958V90M,ALCOHOL,47593-490,1076,g,100.0
4501751,0J48LPH2TH,HYDROCHLOROTHIAZIDE,mg,12.5,0J48LPH2TH,HYDROCHLOROTHIAZIDE,13668-251,1385,1,1.0
4714956,95OOS7VE0Y,OXYBENZONE,mg,6.0,95OOS7VE0Y,OXYBENZONE,63550-851,3412,mL,1.0
4652469,362O9ITL9D,ACETAMINOPHEN,mg,500.0,362O9ITL9D,ACETAMINOPHEN,50580-344,52,1,1.0
4620793,WI4X0X7BPJ,HYDROCORTISONE,mg,10.0,WI4X0X7BPJ,HYDROCORTISONE,0472-0321,1388,g,1.0
4619552,GEB06NHM23,METOPROLOL,mg,5.0,W5S57Y3A5L,METOPROLOL TARTRATE,0143-9873,1786,mL,5.0
4617543,VB0R961HZT,PREDNISONE,mg,2.5,VB0R961HZT,PREDNISONE,71335-2088,2253,1,1.0
4673461,3K9958V90M,ALCOHOL,mL,70.0,3K9958V90M,ALCOHOL,80424-003,1076,mL,100.0
4594855,JRM708L703,BENAZEPRILAT,mg,40.0,N1SN99T69T,BENAZEPRIL HYDROCHLORIDE,65862-585,299,1,1.0
4631627,1WS297W6MV,PHENYLEPHRINE,mg,5.0,04JA59TNSJ,PHENYLEPHRINE HYDROCHLORIDE,36800-474,2146,1,1.0
4679979,4NM5039Y5X,TRICLOSAN,mL,0.6,4NM5039Y5X,TRICLOSAN,36800-178,3631,mL,100.0
4575992,36B82AMQ7N,NALOXONE,mg,0.5,F850569PQR,NALOXONE HYDROCHLORIDE,50383-294,1878,1,1.0
4756932,1VU15B70BP,BENZETHONIUM,mg,0.2,PH41D05744,BENZETHONIUM CHLORIDE,41250-132,3018,mL,10.0
4769758,8GTS82S83M,DIPHENHYDRAMINE,mg,25.0,TC2D6JAD40,DIPHENHYDRAMINE HYDROCHLORIDE,63548-2341,916,1,1.0
4673910,3K9958V90M,ALCOHOL,mL,62.0,3K9958V90M,ALCOHOL,79867-001,1076,mL,100.0
4779418,3U6IO1965U,CHLORPHENIRAMINE,mg,1.0,V1Q0O9OJ9Z,CHLORPHENIRAMINE MALEATE,30142-988,616,mL,5.0
4715340,95OOS7VE0Y,Oxybenzone,g,0.009,95OOS7VE0Y,Oxybenzone,13537-541,3412,g,1.0
4650834,362O9ITL9D,ACETAMINOPHEN,mg,160.0,362O9ITL9D,ACETAMINOPHEN,68163-695,52,mL,5.0
4594764,JRM708L703,BENAZEPRILAT,mg,10.0,N1SN99T69T,BENAZEPRIL HYDROCHLORIDE,53002-1248,299,1,1.0
4776668,V06SV4M95S,HOMOSALATE,mg,150.0,V06SV4M95S,HOMOSALATE,69842-149,3279,g,1.0
4511702,1806D8D52K,AMITRIPTYLINE,mg,10.0,26LUD4JO9K,AMITRIPTYLINE HYDROCHLORIDE,43353-306,180,1,1.0
4761339,S07O44R1ZM,CAPSAICIN,mL,5.8,S07O44R1ZM,CAPSAICIN,65121-010,3064,mL,960.0
4715811,95OOS7VE0Y,OXYBENZONE,g,0.045,95OOS7VE0Y,OXYBENZONE,13537-386,3412,g,1.0
4683371,4X49Y0596W,OCTISALATE,mg,40.0,4X49Y0596W,OCTISALATE,76293-055,4241,g,1.0
4560655,93T0T9GKNU,ENZALUTAMIDE,mg,80.0,93T0T9GKNU,ENZALUTAMIDE,0469-0725,4628,1,1.0
4515615,YKH834O4BH,Epinephrine,mg,0.005,30Q7KI53AK,Epinephrine Bitartrate,66975-418,1028,mL,1.0
4659408,3K9958V90M,ALCOHOL,mL,70.0,3K9958V90M,ALCOHOL,70735-070,1076,mL,100.0
4766525,SOI2LOH54Z,ZINC OXIDE,g,24.0,SOI2LOH54Z,ZINC OXIDE,52854-615,4240,g,100.0
4640821,15FIX9V2JP,TITANIUM DIOXIDE,g,0.51,15FIX9V2JP,TITANIUM DIOXIDE,61589-9515,4237,g,30.0
4722122,7355X3ROTS,DEXTROMETHORPHAN,mg,30.0,9D2RTI9KYH,DEXTROMETHORPHAN HYDROBROMIDE,66715-5834,842,mL,30.0
4542850,YBK48BXK30,TRAZODONE,mg,100.0,6E8ZO8LRNM,TRAZODONE HYDROCHLORIDE,70518-2973,2717,1,1.0
4761015,RV6J6604TK,EUCALYPTOL,g,0.092,RV6J6604TK,EUCALYPTOL,55319-232,4259,mL,100.0
4688655,4Y5P7MUD51,Octinoxate,g,0.047,4Y5P7MUD51,Octinoxate,14783-012,4236,g,1.0
4511843,1806D8D52K,AMITRIPTYLINE,mg,10.0,26LUD4JO9K,AMITRIPTYLINE HYDROCHLORIDE,0378-0042,180,1,1.0
4501775,0J48LPH2TH,HYDROCHLOROTHIAZIDE,mg,25.0,0J48LPH2TH,HYDROCHLOROTHIAZIDE,0378-0403,1385,1,1.0
4763452,SOI2LOH54Z,ZINC OXIDE,mg,49.0,SOI2LOH54Z,ZINC OXIDE,71899-001,4240,1,1.0
4690730,4Y5P7MUD51,OCTINOXATE,g,0.05,4Y5P7MUD51,OCTINOXATE,14783-814,4236,mL,1.0
4719233,7355X3ROTS,DEXTROMETHORPHAN,mg,15.0,9D2RTI9KYH,DEXTROMETHORPHAN HYDROBROMIDE,68016-135,842,mL,15.0
4602963,Q3JTX2Q7TU,DIAZEPAM,mg,5.0,Q3JTX2Q7TU,DIAZEPAM,0054-3188,852,mL,5.0
4588745,KG60484QX9,Omeprazole,mg,20.0,KG60484QX9,OMEPRAZOLE,60505-3952,1990,1,1.0
4499791,K2J09EMJ52,PHENAZOPYRIDINE,mg,100.0,0EWG668W17,PHENAZOPYRIDINE HYDROCHLORIDE,70934-740,2120,1,1.0
4520594,JMS50MPO89,LOSARTAN,mg,50.0,3ST302B24A,LOSARTAN POTASSIUM,68180-211,1610,1,1.0
4544908,70FD1KFU70,SULFUR,mg,40.0,70FD1KFU70,SULFUR,44523-612,4260,g,1.0
4621150,WK2XYI10QM,ibuprofen,mg,400.0,WK2XYI10QM,ibuprofen,67877-294,1407,1,1.0
4689252,4Y5P7MUD51,Octinoxate,g,0.071,4Y5P7MUD51,Octinoxate,13537-461,4236,g,1.0
4721723,7355X3ROTS,DEXTROMETHORPHAN,mg,10.0,9D2RTI9KYH,DEXTROMETHORPHAN HYDROBROMIDE,50844-120,842,mL,15.0
4532148,5688UTC01R,Tretinoin,mg,0.25,5688UTC01R,Tretinoin,0187-5170,2722,g,1.0
4681825,4X49Y0596W,OCTISALATE,g,1.5,4X49Y0596W,Octisalate,71702-110,4241,mL,50.0
4571937,D933668QVX,INSULIN ASPART,[iU],100.0,D933668QVX,INSULIN ASPART,70518-2823,4981,mL,1.0
4621811,WK2XYI10QM,IBUPROFEN,mg,400.0,WK2XYI10QM,IBUPROFEN,51407-369,1407,1,1.0
4586523,TZ47U051FI,DEXTROAMPHETAMINE,mg,3.75,JJ768O327N,DEXTROAMPHETAMINE SULFATE,43602-986,841,1,1.0
4498346,8HR4QJ6DW8,MOMETASONE,ug,50.0,04201GDN4R,MOMETASONE FUROATE,78206-111,1832,1,1.0
4652651,362O9ITL9D,ACETAMINOPHEN,mg,325.0,362O9ITL9D,ACETAMINOPHEN,68016-541,52,1,1.0
4780544,95QB77JKPL,DOXYLAMINE,mg,12.5,V9BI9B5YI2,DOXYLAMINE SUCCINATE,70000-0183,962,mL,30.0
4658512,3K9958V90M,ALCOHOL,mL,1000.0,3K9958V90M,ALCOHOL,74289-001,1076,mL,1390.025
4528786,COF19H7WBK,DICLOXACILLIN,mg,250.0,4HZT2V9KX0,DICLOXACILLIN SODIUM,59651-565,866,1,1.0
4527809,5E8K9I0O4U,CIPROFLOXACIN,mg,500.0,4BA73M5E37,CIPROFLOXACIN HYDROCHLORIDE,67296-1318,659,1,1.0
4640655,15FIX9V2JP,TITANIUM DIOXIDE,mg,64.0,15FIX9V2JP,TITANIUM DIOXIDE,68745-2134,4237,mL,1.0
4635125,0F32U78V2Q,CHLOROXYLENOL,g,0.95,0F32U78V2Q,CHLOROXYLENOL,68599-5204,3094,g,1.0
4643585,J2VZ07J96K,POLYMYXIN B,U,500.0,19371312D4,POLYMYXIN B SULFATE,69842-047,4246,g,1.0
4653117,362O9ITL9D,ACETAMINOPHEN,mg,160.0,362O9ITL9D,ACETAMINOPHEN,36800-449,52,1,1.0
4496576,FYY3R43WGO,MINOCYCLINE,mg,90.0,0020414E5U,MINOCYCLINE HYDROCHLORIDE,72143-222,1813,1,1.0
4502713,C045TQL4WP,Phentermine,mg,37.5,0K2I505OTV,Phentermine Hydrochloride,66336-344,2140,1,1.0
4625113,X7WDT95N5C,GLIPIZIDE,mg,5.0,X7WDT95N5C,GLIPIZIDE,12634-729,1301,1,1.0
4563364,Q51BO43MG4,LEVOTHYROXINE,ug,200.0,9J765S329G,LEVOTHYROXINE SODIUM,0527-4962,2646,1,1.0
4540782,6CW7F3G59X,GABAPENTIN,mg,600.0,6CW7F3G59X,GABAPENTIN,42254-054,1264,1,1.0
4557574,E47C0NF7LV,ENOXAPARIN,mg,120.0,8NZ41MIK1O,ENOXAPARIN SODIUM,71839-115,4879,mL,0.8
4530956,55JG375S6M,PREGABALIN,mg,200.0,55JG375S6M,PREGABALIN,21695-663,2255,1,1.0
4587629,J2KLZ20U1M,AZITHROMYCIN ANHYDROUS,mg,250.0,JTE4MNN1MD,AZITHROMYCIN MONOHYDRATE,0527-2370,276,1,1.0
4651471,362O9ITL9D,ACETAMINOPHEN,mg,325.0,362O9ITL9D,ACETAMINOPHEN,0363-6171,52,1,1.0
4617041,J06Y7MXW4D,DEFEROXAMINE,mg,95.0,V9TKO7EO6K,DEFEROXAMINE MESYLATE,63323-599,792,mL,1.0
4498048,7C0697DR9I,ATROPINE,mg,0.025,03J5ZE7KA5,ATROPINE SULFATE,33261-685,260,1,1.0
4603728,23521W1S24,CLAVULANIC ACID,mg,125.0,Q42OMW3AT8,CLAVULANATE POTASSIUM,70518-2625,669,1,1.0
4759801,R953O2RHZ5,PYRITHIONE ZINC,g,1.0,R953O2RHZ5,PYRITHIONE ZINC,41250-045,4248,mL,1.0
4714069,92RU3N3Y1O,DIMETHICONE,g,5.0,92RU3N3Y1O,DIMETHICONE,56151-681,3152,g,100.0
4766883,SOI2LOH54Z,ZINC OXIDE,g,22.5,SOI2LOH54Z,ZINC OXIDE,62206-4011,4240,mL,100.0
4778834,98PI200987,LIDOCAINE,g,0.5,V13007Z41A,LIDOCAINE HYDROCHLORIDE,0498-0903,1579,g,100.0
4617898,VG2QF83CGL,MELOXICAM,mg,7.5,VG2QF83CGL,MELOXICAM,61919-434,1676,1,1.0
4513635,2MRO291B4U,CLOBAZAM,mg,20.0,2MRO291B4U,CLOBAZAM,67386-315,682,1,1.0
4554205,413KH5ZJ73,ROSUVASTATIN,mg,40.0,83MVU38M7Q,ROSUVASTATIN CALCIUM,71205-475,2406,1,1.0
4634014,06KB629TKV,TOLNAFTATE,mg,10.0,06KB629TKV,TOLNAFTATE,75983-515,3617,g,1.0
4618446,F0XDI6ZL63,Caspofungin,mg,7.0,VUW370O5QE,Caspofungin Acetate,25021-195,2977,mL,1.0
4538204,64ALC7F90C,DIPYRIDAMOLE,mg,25.0,64ALC7F90C,DIPYRIDAMOLE,62559-235,924,1,1.0
4683531,4X49Y0596W,OCTISALATE,mg,49.5,4X49Y0596W,OCTISALATE,58443-0274,4241,mL,1.0
4550950,9EM05410Q9,AMOXICILLIN ANHYDROUS,mg,125.0,804826J2HU,AMOXICILLIN,33261-602,192,mL,5.0
4649232,362O9ITL9D,ACETAMINOPHEN,mg,325.0,362O9ITL9D,ACETAMINOPHEN,71399-2855,52,1,1.0
4574343,3U02EL437C,CLINDAMYCIN,mg,10.0,EH6D7113I8,CLINDAMYCIN PHOSPHATE,0009-3116,3909,mL,1.0
4782318,WK2XYI10QM,IBUPROFEN,mg,100.0,WK2XYI10QM,IBUPROFEN,37012-521,1407,1,1.0
4735589,G63QQF2NOX,AVOBENZONE,g,3.0,G63QQF2NOX,AVOBENZONE,0363-9923,4242,g,100.0
4774948,V06SV4M95S,HOMOSALATE,mg,150.0,V06SV4M95S,HOMOSALATE,37808-979,3279,g,1.0
4674466,3K9958V90M,ALCOHOL,mg,610.0,3K9958V90M,ALCOHOL,72288-876,1076,mL,1.0
4731882,7N6JUD5X6Y,BENZALKONIUM,g,0.13,F5UM2KM3W7,BENZALKONIUM CHLORIDE,79279-610,3017,mL,100.0
4623615,41VRH5220H,PAROXETINE,mg,10.0,X2ELS050D8,PAROXETINE HYDROCHLORIDE HEMIHYDRATE,55289-037,2068,1,1.0
4571703,030PYR8953,ROPINIROLE,mg,4.0,D7ZD41RZI9,ROPINIROLE HYDROCHLORIDE,50090-2068,2402,1,1.0
4602039,30OMY4G3MK,GUANFACINE,mg,1.0,PML56A160O,GUANFACINE HYDROCHLORIDE,64725-0711,1343,1,1.0
4701778,5A68WGF6WM,OCTOCRYLENE,mg,72.0,5A68WGF6WM,OCTOCRYLENE,49967-861,3395,mL,1.0
4720252,7355X3ROTS,DEXTROMETHORPHAN,mg,30.0,9D2RTI9KYH,DEXTROMETHORPHAN HYDROBROMIDE,59779-924,842,mL,5.0
4689724,4Y5P7MUD51,Octinoxate,g,0.07,4Y5P7MUD51,Octinoxate,13537-654,4236,g,1.0
4671760,3K9958V90M,ALCOHOL,mg,700.0,3K9958V90M,ALCOHOL,11673-439,1076,mL,1.0
4514583,2T8Q726O95,LAMIVUDINE,mg,100.0,2T8Q726O95,LAMIVUDINE,53808-0893,1539,1,1.0
4775469,V06SV4M95S,HOMOSALATE,mg,90.0,V06SV4M95S,HOMOSALATE,79950-010,3279,g,1.0
4756863,1VU15B70BP,BENZETHONIUM,g,0.2,PH41D05744,BENZETHONIUM CHLORIDE,68604-237,3018,mL,100.0
4506150,140QMO216E,METRONIDAZOLE,mg,500.0,140QMO216E,METRONIDAZOLE,60760-539,1790,1,1.0
4547025,6X9OC3H4II,LOPERAMIDE,mg,2.0,77TI35393C,LOPERAMIDE HYDROCHLORIDE,70934-546,1599,1,1.0
4646151,339NCG44TV,PHENOL,g,1.4,339NCG44TV,PHENOL,67172-111,4266,mL,100.0
4703765,O414PZ4LPZ,SALICYLIC ACID,mg,262.0,62TEY51RR1,BISMUTH SUBSALICYLATE,37000-996,4257,1,1.0
4551488,9EM05410Q9,AMOXICILLIN ANHYDROUS,mg,500.0,804826J2HU,AMOXICILLIN,68788-7998,192,1,1.0
4624588,X4HES1O11F,ACYCLOVIR,mg,400.0,X4HES1O11F,ACYCLOVIR,43063-928,85,1,1.0
4523834,Q32ZN48698,CHLORIDE ION,mg,77.0,451W47IQ8X,SODIUM CHLORIDE,0338-1113,4198,mL,100.0
4534695,5P4DHS6ENR,BENZONATATE,mg,100.0,5P4DHS6ENR,BENZONATATE,0615-8194,326,1,1.0
4784547,2L8T9S52QM,TRIPROLIDINE,mg,0.938,YAN7R5L890,TRIPROLIDINE HYDROCHLORIDE,69367-253,2763,mL,1.0
4661621,3K9958V90M,ALCOHOL,mL,80.0,3K9958V90M,ALCOHOL,77255-001,1076,mL,100.0
4654555,3G6A5W338E,CAFFEINE,mg,65.0,3G6A5W338E,CAFFEINE,50844-159,463,1,1.0
4549650,7LXU5N7ZO5,FUROSEMIDE,mg,80.0,7LXU5N7ZO5,FUROSEMIDE,63304-626,1258,1,1.0
4672508,3K9958V90M,ALCOHOL,mL,66.0,3K9958V90M,ALCOHOL,75651-172,1076,mL,100.0
4566021,A6IEZ5M406,RANOLAZINE,mg,500.0,A6IEZ5M406,RANOLAZINE,70625-206,2359,1,1.0
4705954,6M3C89ZY6R,NICOTINE,mg,2.0,6M3C89ZY6R,NICOTINE,55301-617,1920,1,1.0
4615877,CJ0O37KU29,VERAPAMIL,mg,2.5,V3888OEY5R,VERAPAMIL HYDROCHLORIDE,55150-343,2815,mL,1.0
4783621,WK2XYI10QM,IBUPROFEN,mg,200.0,WK2XYI10QM,IBUPROFEN,59556-764,1407,1,1.0
4625680,XRO4566Q4R,interferon beta-1a,ug,30.0,XRO4566Q4R,interferon beta-1a,59627-003,5139,mL,0.5
4559003,Q80VPU408O,FLUORIDE ION,mg,27.3,8ZYQ1474W7,SODIUM FLUORIDE,65222-115,4243,g,1.0
4528909,QZU4H47A3S,ATAZANAVIR,mg,100.0,4MT4VIE29P,ATAZANAVIR SULFATE,65862-710,254,1,1.0
4687990,4Y5P7MUD51,Octinoxate,g,0.07,4Y5P7MUD51,Octinoxate,13537-339,4236,g,1.0
4780295,95QB77JKPL,DOXYLAMINE,mg,6.25,V9BI9B5YI2,DOXYLAMINE SUCCINATE,79481-0027,962,1,1.0
4724530,B697894SGQ,POLYETHYLENE GLYCOL 400,mg,11.28,B697894SGQ,POLYETHYLENE GLYCOL 400,55910-644,4253,mL,1.0
4506271,140QMO216E,METRONIDAZOLE,mg,500.0,140QMO216E,METRONIDAZOLE,70518-2663,1790,1,1.0
4512508,27O7W4T232,SPIRONOLACTONE,mg,25.0,27O7W4T232,SPIRONOLACTONE,42708-126,2475,1,1.0
4723936,57Y76R9ATQ,NAPROXEN,mg,220.0,9TN87S3A3C,NAPROXEN SODIUM,36800-417,1883,1,1.0
4552264,80M03YXJ7I,VALSARTAN,mg,160.0,80M03YXJ7I,VALSARTAN,76483-024,2806,1,1.0
4607855,S88TT14065,Oxygen,L,21.0,S88TT14065,Oxygen,52374-006,4235,L,100.0
4556513,8DUH1N11BX,TRYPTOPHAN,mg,108.0,8DUH1N11BX,TRYPTOPHAN,0338-0198,2780,mL,100.0
4528029,5E8K9I0O4U,CIPROFLOXACIN,mg,750.0,4BA73M5E37,CIPROFLOXACIN HYDROCHLORIDE,16714-653,659,1,1.0
4600521,EE92BBP03H,DILTIAZEM,mg,180.0,OLH94387TE,DILTIAZEM HYDROCHLORIDE,60687-206,897,1,1.0
4709949,58H6RWO52I,Bacitracin,[iU],400.0,89Y4M234ES,Bacitracin zinc,68016-500,281,g,1.0
4753310,O414PZ4LPZ,SALICYLIC ACID,mg,20.0,O414PZ4LPZ,Salicylic acid,49967-957,2416,mL,1.0
4560494,935E97BOY8,FOLIC ACID,mg,1.0,935E97BOY8,FOLIC ACID,65162-668,1231,1,1.0
4677277,495W7451VQ,GUAIFENESIN,mg,400.0,495W7451VQ,GUAIFENESIN,50804-857,1336,1,1.0
4647522,362O9ITL9D,ACETAMINOPHEN,mg,250.0,362O9ITL9D,ACETAMINOPHEN,55319-586,52,1,1.0
4746533,O414PZ4LPZ,SALICYLIC ACID,g,20.0,LAV5U5022Y,METHYL SALICYLATE,76420-947,4245,g,100.0
4519677,KXO2KT9N0G,PRAVASTATIN,mg,40.0,3M8608UQ61,PRAVASTATIN SODIUM,63629-8910,2239,1,1.0
4696029,5965120SH1,MINOXIDIL,g,5.0,5965120SH1,MINOXIDIL,63940-032,1814,mL,100.0
4715097,95OOS7VE0Y,OXYBENZONE,mL,5.0,95OOS7VE0Y,OXYBENZONE,62802-214,3412,mL,100.0
4521224,5ASJ6HUZ7D,DOXEPIN,mg,100.0,3U9A0FE9N5,DOXEPIN HYDROCHLORIDE,70518-3374,956,1,1.0
4645818,D27V6190PM,OLOPATADINE,mg,2.0,2XG66W44KF,OLOPATADINE HYDROCHLORIDE,68001-530,1986,mL,1.0
4775804,V06SV4M95S,HOMOSALATE,g,10.0,V06SV4M95S,HOMOSALATE,75936-236,3279,mL,100.0
4760240,T6V3LHY838,MAGNESIUM CATION,g,1.745,RHO26O1T9V,MAGNESIUM CITRATE,71890-320,4281,mL,1.0
4631917,1WS297W6MV,PHENYLEPHRINE,mg,5.0,04JA59TNSJ,PHENYLEPHRINE HYDROCHLORIDE,67091-212,2146,1,1.0
4784399,7CUC9DDI9F,PSEUDOEPHEDRINE,mg,240.0,Y9DL7QPE6B,PSEUDOEPHEDRINE SULFATE,30142-724,2326,1,1.0
4686450,4X49Y0596W,OCTISALATE,mg,50.0,4X49Y0596W,OCTISALATE,49967-456,4241,g,1.0
4664887,3K9958V90M,ALCOHOL,1,75.0,3K9958V90M,ALCOHOL,42129-010,1076,1,100.0
4507920,334895S862,DOXYCYCLINE ANHYDROUS,mg,75.0,19XTS3T51U,DOXYCYCLINE HYCLATE,68382-708,961,1,1.0
4506759,M32RH9MFGP,DEXMETHYLPHENIDATE,mg,10.0,1678OK0E08,DEXMETHYLPHENIDATE HYDROCHLORIDE,0527-8107,836,1,1.0
