id,struct_id,approval,type,applicant,orphan
1859,2278,1985-01-01,YEAR INTRODUCED,,
3035,5072,2015-11-30,FDA,BRISTOL MYERS SQUIBB,True
3517,4951,2010-04-19,EMA,Novartis Europharm Ltd,True
2834,4217,1971-09-24,FDA,B BRAUN,
5076,5553,,FDA,,
2361,3096,2015-03-17,FDA,RTRX,True
3611,5242,2017-07-18,FDA,GILEAD SCIENCES INC,
4755,4135,2019-03-26,PMDA,"SHIONOGI & CO., LTD.",
1961,2595,1987-01-01,YEAR INTRODUCED,,
656,348,1961-04-17,FDA,,
686,2740,1959-04-16,FDA,,
4131,5092,2019-06-18,PMDA,"Nippon Shinyaku Co., Ltd.",True
2578,830,1963-10-18,FDA,SCHERING PLOUGH,
2400,4971,2006-06-30,FDA,GENENTECH,
255,2795,1962-09-13,FDA,,
3284,4602,,FDA,,
5561,4178,2012-02-16,EMA,GENZYME EUROPE BV,False
5032,2391,2022-02-10,PMDA,PFIZER JAPAN INC,
2535,1497,1952-09-29,FDA,SANDOZ,
3128,3290,,FDA,,
5335,5509,2022-12-09,EMA,NOVARTIS EUROPHARM LIMITED,
3068,1046,2002-04-18,EMA,Merck Sharp & Dohme Ltd,
5170,5638,,FDA,,
5254,5684,2022-03-25,EMA,AstraZeneca AB,
1452,887,1975-01-01,YEAR INTRODUCED,,
3282,4600,,FDA,,
3305,4639,,FDA,,
3293,4617,,FDA,,
1010,4175,2011-05-02,FDA,BOEHRINGER INGELHEIM,
2524,2510,1949-08-16,FDA,LEDERLE,
5178,5644,,FDA,,
5279,5703,2022-06-24,EMA,GENZYME EUROPE BV,True
1922,2447,1977-01-01,YEAR INTRODUCED,,
603,2561,1977-12-30,FDA,,
13,4878,2014-07-23,FDA,GILEAD SCIENCES INC,
633,391,2003-05-13,FDA,MILLENNIUM PHARMS,True
2807,3395,2006-07-21,FDA,LOREAL USA,
3063,5087,1999-02-05,FDA,EISAI INC,
5147,5618,,FDA,,
845,564,1984-12-21,FDA,,
4528,5390,2021-03-26,EMA,Incyte Biosciences Distribution B.V.,True
4490,5439,2021-01-19,FDA,MERCK SHARP DOHME,
682,522,1995-09-14,FDA,SMITHKLINE BEECHAM,
2237,99,2009-02-19,EMA,Les Laboratoires Servier,
2761,1881,1962-10-05,FDA,ASPEN GLOBAL INC,
468,1967,1986-10-31,FDA,,
2259,1255,2004-03-10,EMA,,
3545,5210,,Korean Food and Drug Administration (KFDA),,
715,2445,1991-12-23,FDA,MERCK,
5482,1700,2022-12-23,PMDA,"NIPPON SHIKA YAKUHIN CO., LTD.",
5580,4879,2016-09-15,EMA,Techdow Pharma Netherlands B.V.,False
3415,1644,,FDA,MEDPOINTE PHARM HLC,
2850,4264,1966-10-05,FDA,HOSPIRA,
5153,5622,,FDA,,
4084,5368,2019-09-27,EMA,Evolus Pharma Limited,
2558,4930,1953-05-26,FDA,SANOFI AVENTIS US,
5452,5736,2023-07-07,EMA,ROCHE REGISTRATION GMBH,True
81,2231,1964-03-11,FDA,BAXTER HLTHCARE CORP,
881,475,1998-06-04,FDA,ASTRAZENECA,
4129,5072,2016-09-28,PMDA,Bristol-Myers Squibb,True
3144,1252,,FDA,,
1828,2134,1912-01-01,YEAR INTRODUCED,,
3374,5166,1999-04-13,EMA,Pfizer Ltd,
357,2489,1952-08-20,FDA,SANDOZ,
1352,586,1840-01-01,YEAR INTRODUCED,,
195,85,1982-03-29,FDA,VALEANT BERMUDA,
2451,242,2004-06-04,EMA,,
980,4197,1949-05-18,FDA,HOSPIRA,
3803,4915,2018-09-21,PMDA,Amgen Astellas Biopharma KK,
2485,4181,2011-03-28,EMA,,
784,1232,1952-06-20,FDA,,True
5477,5567,2023-07-24,FDA,TARSUS,
3146,3269,,FDA,,
2903,1789,1973-11-17,FDA,GE HEALTHCARE,
4469,4904,2008-04-16,PMDA,AbbVie GK,True
5095,5569,,FDA,,
5110,1877,,FDA,,
3124,3355,,FDA,,
2847,4253,1984-07-13,FDA,BRAINTREE,
602,1889,1992-12-30,FDA,KING PHARMS,
3397,2026,,FDA,,
3406,1774,,FDA,ROCHE,
5518,1563,2010-07-23,PMDA,"UCB Japan Co., Ltd",False
296,2818,1976-11-26,FDA,,
872,3520,1999-08-18,FDA,ORGANON USA INC,
659,2797,1987-12-31,FDA,ACTAVIS LABS UT INC,True
4285,5405,2020-05-08,FDA,GLAXOSMITHKLINE,True
5115,5587,,FDA,,
4071,5356,2019-11-25,FDA,GLOBAL BLOOD THERAPEUTICS INC,True
3335,5138,2012-01-17,FDA,BTG INTERNATIONAL INC,True
2765,1920,1991-11-07,FDA,SANOFI AVENTIS US,
358,268,1977-03-29,FDA,,
4836,5018,2004-01-29,PMDA,Genzyme Japan,
2911,5004,2012-10-17,FDA,"THROMBOGENICS, INC",
477,663,1998-07-17,FDA,FOREST LABS,
3791,5151,2018-01-19,PMDA,"Chugai Pharmaceutical Co., Ltd.",True
2311,4336,2009-12-23,EMA,BioMarin Europe Ltd,True
66,347,1996-10-25,FDA,RARE DIS THERAP,True
644,1068,2004-12-15,FDA,SUNOVION PHARMS INC,
91,2081,1970-12-04,FDA,ATON,
2906,842,1957-12-03,FDA,ANI PHARMS,
86,2803,1978-02-28,FDA,ABBVIE,
1056,4405,2000-05-26,FDA,DAIICHI SANKYO,
3085,5102,1969-06-12,FDA,ABBOTT,
2808,3412,1992-12-07,FDA,BAYER HEALTHCARE LLC,
4274,247,2020-05-26,FDA,AMIVAS,True
856,1893,1997-03-14,FDA,AGOURON,
3448,2335,,FDA,PARKE DAVIS,
2306,4874,2014-07-04,PMDA,,
4465,5173,2020-03-25,PMDA,Shire Japan K.K.,True
4446,4168,2020-03-25,PMDA,"Sumitomo Dainippon Pharma Co., Ltd.",
3044,5078,2013-07-04,Korean Food and Drug Administration (KFDA),Chong Kun Dang,
170,1762,1962-12-20,FDA,,
717,2707,1996-05-28,FDA,NOVARTIS PHARMS CORP,
2610,1214,1967-03-15,FDA,APOTHECON,
4568,968,2021-05-19,EMA,Gedeon Richter Plc; Estetra SPRL,
347,1103,1991-01-31,FDA,WYETH PHARMS INC,
4570,1388,2021-05-27,EMA,Diurnal Europe B.V.,
3498,4948,2015-08-14,EMA,United Therapeutics Europe Ltd,True
4287,1929,2020-06-08,FDA,BAYER HEALTHCARE,True
390,1426,1985-11-26,FDA,,
1699,1696,1935-01-01,YEAR INTRODUCED,,
559,2192,1966-07-01,FDA,,
500,659,1987-10-22,FDA,BAYER HLTHCARE,
2841,4242,1992-12-07,FDA,BAYER HEALTHCARE LLC,
3073,5091,2011-06-15,FDA,BRISTOL MYERS SQUIBB,
5450,5735,2023-06-26,FDA,UCB INC,True
1120,4846,2009-11-27,FDA,DYAX CORP.,
4586,5315,2021-06-23,PMDA,"OTSUKA PHARMACEUTICAL Co., Ltd.",
5283,5704,2022-12-22,PMDA,GILEAD SCIENCES,
52,4186,2011-08-25,FDA,SHIRE ORPHAN THERAP,True
4165,5143,2020-04-24,FDA,NEUROCRINE,
4805,4972,2009-01-21,PMDA,Novartis Pharma K.K.,
2280,4897,2015-01-08,FDA,DAIICHI SANKYO,
22,4814,2014-07-31,FDA,BOEHRINGER INGELHEIM,
3615,5243,2017-08-03,FDA,ABBVIE INC,
3184,2372,,FDA,,
5145,5616,,FDA,,
5246,5682,2015-06-18,EMA,I.D.B. Radiopharmacy B.V.,
2286,408,1957-08-23,FDA,,
3429,975,,FDA,SOLVAY,
2322,4942,2015-02-13,FDA,EISAI INC,True
2470,1721,1954-09-29,FDA,,
3150,1374,,FDA,,
1779,1947,1985-01-01,YEAR INTRODUCED,,
389,245,2009-04-07,FDA,,
5256,5516,2022-09-15,EMA,ELI LILLY NEDERLAND B.V.,
5456,5457,2023-03-27,PMDA,"Swedish Orphan Biovitrum Japan Co., Ltd.",
670,1854,1999-12-10,FDA,BAYER HLTHCARE,
4158,5383,2020-03-25,FDA,CELGENE INTL,
208,164,1980-10-29,FDA,NOVARTIS,
3786,4117,2017-07-03,PMDA,Mundipharma KK,
853,792,1968-04-01,FDA,NOVARTIS,
45,4230,2011-01-14,FDA,GE HLTHCARE INC,
2683,2145,1980-01-10,FDA,SANDOZ,
2854,4282,1987-05-05,FDA,ABRAXIS PHARM,
3339,5142,2016-04-29,FDA,ACADIA PHARMACEUTICALS INC,
626,1817,1988-12-27,FDA,GD SEARLE LLC,
3565,5218,2017-03-13,FDA,NOVARTIS PHARMS CORP,
2565,4247,1957-03-26,FDA,MONARCH PHARMS,
4949,5338,2021-11-12,FDA,PHARMA ESSENTIA CORPORATION,True
5329,5512,2022-11-15,EMA,GENZYME EUROPE BV,True
2517,2527,1945-09-12,FDA,ORTHO MCNEIL PHARM,
395,3862,1999-02-02,FDA,EISAI INC,True
2503,4996,2008-08-22,FDA,AMGEN,
4047,5343,2019-08-02,FDA,DAIICHI SANKYO INC,True
2655,574,1974-12-18,FDA,LILLY,
1886,2361,1997-01-01,YEAR INTRODUCED,,
3350,5151,2016-05-18,FDA,GENENTECH INC,
3643,5269,2017-12-18,FDA,AERIE PHARMACEUTICALS INC,
278,2355,2005-07-22,FDA,TAKEDA PHARMS USA,
495,1944,2002-01-18,FDA,SWEDISH ORPHAN,True
801,1314,1984-05-01,FDA,SANOFI AVENTIS US,
3546,5208,2017-01-19,FDA,SYNERGY PHARMS INC,
5623,5508,2023-07-26,EMA,Marinus Pharmaceuticals Emerald Limited,True
3394,1727,,FDA,,
979,4196,1949-09-15,FDA,,
2795,2832,1993-12-29,FDA,HOSPIRA,
2714,566,1987-12-28,FDA,GLAXOSMITHKLINE,
990,4137,2006-12-19,FDA,JANSSEN PHARMS,
392,594,1960-02-24,FDA,VALEANT PHARM INTL,
4554,5477,2021-09-20,FDA,SEAGEN,
5504,1019,2006-06-26,EMA,BRISTOL-MYERS SQUIBB PHARMA EEIG,False
4946,5499,2021-12-12,FDA,ARGENX BV,True
808,1350,1992-07-24,FDA,GLAXOSMITHKLINE,True
267,1277,1989-06-23,FDA,ROCHE PALO,True
3372,5164,2001-01-19,FDA,SCHERING,
5438,5724,2022-09-26,PMDA,"DAIICHI SANKYO COMPANY, LIMITED",True
3666,5222,2017-11-16,EMA,Tesaro UK Limited,True
3208,4125,,FDA,,
4461,5367,2020-03-25,PMDA,"Daiichi Sankyo Company, Limited",
2419,4977,2014-05-22,EMA,,True
4144,5325,2020-01-16,EMA,Jazz Pharmaceuticals Ireland Limited,
952,1559,1985-04-09,FDA,,
1957,2586,1994-01-01,YEAR INTRODUCED,,
74,26,1962-04-25,FDA,SPECTRUM PHARMS,True
84,1711,1988-12-30,FDA,BAXTER HLTHCARE,True
2568,1741,1959-01-26,FDA,LEDERLE,
1052,4380,2008-02-29,FDA,WYETH PHARMS INC,
4475,5409,2020-06-29,PMDA,"Chugai Pharmaceutical Co., Ltd.",True
4460,4715,2020-03-25,PMDA,Takeda Pharmaceutical Company Limited,
2852,4275,1987-05-05,FDA,ABRAXIS PHARM,
755,2639,1967-07-24,FDA,PFIZER,
751,2680,1998-05-14,FDA,MEDICURE,
4103,391,2019-08-22,PMDA,Janssen Pharmaceutical K.K.,True
3421,1089,,FDA,PHARMACIA AND UPJOHN,
3607,1873,1998-12-25,PMDA,Asahi Kasei,
3496,1615,2006-01-23,PMDA,"Lead Chemical Co., Ltd.",
2489,1560,,FDA,ROCHE,
2581,1962,1962-05-21,FDA,ORTHO MCNEIL PHARM,
564,647,2004-03-08,FDA,AMGEN,True
3156,226,,FDA,,
4651,2352,2008-06-24,PMDA,"Banyu Pharmaceutical Co., Ltd.",True
4777,4310,2016-07-04,PMDA,"UCB Japan Co., Ltd.",
1111,4747,2013-01-29,FDA,GENZYME CORP,True
981,4207,1970-04-06,FDA,,
3296,4620,,FDA,,
410,2136,1953-01-26,FDA,COVIS PHARMA SARL,
5268,5694,2022-12-12,FDA,"MIRATI THERAPEUTICS, INC",True
3404,2133,,FDA,BOEHRINGER INGELHEIM,
851,1985,2002-04-25,FDA,DAIICHI SANKYO,
4162,5386,2020-02-21,FDA,"Lundbeck Seattle BioPharmaceuticals, Inc.",
3065,5089,2005-12-23,FDA,BRISTOL MYERS SQUIBB,
3379,5171,,China Food and Drug Administration (CFDA),,
2949,4947,2015-07-23,EMA,,
3659,5186,2017-01-18,EMA,Merck Sharp & Dohme B.V.,
759,1282,2003-05-05,FDA,,True
1384,695,1963-01-01,YEAR INTRODUCED,,
835,230,2003-03-27,FDA,MERCK,
2366,1048,1964-06-24,FDA,ARBOR PHARMS LLC,
3045,3706,1961-04-22,YEAR INTRODUCED,BOOTS PURE DRUG CO. LTD,
3699,5285,2018-05-21,FDA,AKARX INC,True
3724,5234,2018-09-21,EMA,ASTRAZENECA AB,
5197,5658,,FDA,,
2555,1767,1955-12-05,FDA,NOVARTIS,
3758,5307,2018-03-23,PMDA,"Kyowa Hakko Kirin Co., Ltd.",
4536,5459,2019-06-28,FDA,QED THERAP,True
1098,4677,2012-10-26,FDA,IVAX INTL,True
3297,4630,,FDA,,
3092,5107,1963-12-10,FDA,PERSONAL PRODS,
4305,5418,2020-08-26,EMA,Hansa Biopharma AB,True
5624,5511,2023-06-26,EMA,Bristol-Myers Squibb Pharma EEIG,False
5524,1794,2018-12-18,EMA,Lupin Europe GmbH,True
598,2757,1993-12-17,FDA,,
2603,1974,1964-09-04,FDA,PHARMACIA AND UPJOHN,
2447,4833,2012-06-27,Korean Food and Drug Administration (KFDA),,
5582,4901,2000-06-09,EMA,sanofi-aventis Deutschland GmbH,False
4800,4299,2013-03-25,PMDA,Japan Tobacco Inc.,True
5598,5165,2007-07-20,EMA,Roche Registration GmbH,False
340,2268,1951-04-26,FDA,,
4790,4979,2001-04-04,PMDA,ROCHE JAPAN,
5046,173,,FDA,,
4466,5376,2020-05-07,PMDA,Gilead Sciences K.K.,
976,2236,2005-03-16,FDA,ASTRAZENECA AB,
134,1009,1972-08-28,FDA,BAXTER HLTHCARE,
2437,4981,2000-06-07,FDA,NOVO NORDISK INC,
4553,5476,2021-08-25,FDA,ASCENDIS PHARMA ENCOCRINOLOGY DIV A/S,True
2308,4937,2014-07-04,PMDA,"Chugai Pharmaceutical Co., Ltd",True
4561,5479,2021-07-16,EMA,LEO PHARMA A/S,
5146,5617,,FDA,,
882,552,1989-01-31,FDA,,
1123,4857,1977-05-19,FDA,PHARMACIA AND UPJOHN,
2372,4956,2005-12-01,EMA,Roche Registration Limited,
926,2825,1963-07-10,FDA,,
487,940,2000-07-25,FDA,,
464,2737,1954-09-15,FDA,,
989,4135,2007-02-23,FDA,SHIRE DEVELOPMENT,
3720,4823,2018-04-13,EMA,BIOCRYST UK LIMITED,
3424,749,,FDA,GLAXOSMITHKLINE,
3108,4663,,FDA,,
3192,2092,,FDA,,
2802,2843,2000-05-18,FDA,SANDOZ,
649,556,1991-12-23,FDA,,
1297,461,1988-01-01,YEAR INTRODUCED,,
5625,5516,2022-09-26,PMDA,ELI LILLY JAPAN K.K,False
3158,1672,,FDA,,
2324,4943,2006-10-06,FDA,SUNOVION,
364,520,1988-12-28,FDA,,
2644,2095,1973-09-19,FDA,OAK PHARMS,
3686,5191,,FDA,,
5169,5637,,FDA,,
3396,5175,2001-05-17,EMA,Olympus Biotech International Limited,
3245,4341,,FDA,,
4050,5344,2019-08-14,FDA,MYLAN IRELAND LTD,True
3287,4607,,FDA,,
117,2308,1947-07-28,FDA,DAVA PHARMS INC,
2371,4956,2004-02-26,FDA,GENENTECH,
415,2857,1999-08-13,FDA,PFIZER,
2842,4244,2000-10-16,FDA,MCNEIL CONS,
386,972,2004-08-03,FDA,LILLY,
4791,396,2002-10-08,PMDA,ALCON JAPAN,
2700,67,1975-04-24,FDA,NOVARTIS,
441,1329,1993-12-29,FDA,ROCHE,
420,2870,1992-12-16,FDA,SANOFI AVENTIS US,
4057,5349,2019-09-12,FDA,ARDELYX INC,
5162,5630,,FDA,,
2428,966,1970-06-11,FDA,AKORN INC,
5031,5461,2022-01-20,PMDA,AMGEN K.K.,True
3398,920,,FDA,GLAXOSMITHKLINE,
5542,2422,1996-10-03,EMA,ROCHE REGISTRATION GMBH,False
3409,1740,,FDA,ABBVIE,
5174,5641,,FDA,,
371,2758,1979-06-12,FDA,ODYSSEY PHARMS,
2273,4176,2011-09-05,EMA,Janssen-Cilag International N.V.,
3606,1431,1997-01-01,PMDA,Astellas,
2482,727,1973-08-03,FDA,BRISTOL MYERS,
4281,5401,2020-07-02,FDA,ViiV Healthcare Company,
3693,5280,2018-04-17,FDA,RIGEL PHARMS INC,
2674,4998,1976-04-30,FDA,BAYER PHARMS,
1733,1825,1990-01-01,YEAR INTRODUCED,,
3102,5123,1996-02-09,FDA,GE HEALTHCARE,
416,1153,1997-09-23,FDA,HOSPIRA,
3239,4289,,FDA,,
3799,4711,2018-07-02,PMDA,Sanofi KK,True
5499,835,2011-09-15,EMA,Orion Corporation,False
4524,5393,2021-02-11,EMA,Eli Lilly Nederland B.V.,
5465,4758,2013-11-15,EMA,JANSSEN-CILAG INTERNATIONAL NV,
5142,5613,,FDA,,
3206,1325,,FDA,,
864,1043,1948-11-26,FDA,,
3689,5194,,FDA,,
1058,4411,1981-07-14,FDA,,
3931,5325,2019-03-20,FDA,JAZZ,True
679,1587,1987-12-29,FDA,MERCK,
3552,3534,2007-01-16,EMA,Eisai Ltd,True
2599,1791,1961-12-04,FDA,HRA PHARMA,
5030,5478,2022-01-20,PMDA,"UCB JAPAN CO., LTD.",
5124,5596,,FDA,,
711,2475,1960-01-21,FDA,GD SEARLE LLC,
3616,5235,2017-07-06,EMA,Dompe farmaceutici s.p.a.,True
2465,4991,2013-07-25,EMA,Sicor Biotech UAB,
3375,5167,1993-11-01,UK Medicines and Healthcare Products Regulatory Agency (MHRA),Chugai Pharma UK Ltd,
228,1747,1957-07-16,FDA,AUXILIUM PHARMS LLC,
4051,5345,2019-08-15,FDA,GENENTECH INC,True
4308,5379,2020-09-24,EMA,Blueprint Medicines (Netherlands) B.V.,True
3291,4613,,FDA,,
3384,1824,2003-03-07,UK Medicines and Healthcare Products Regulatory Agency (MHRA),SANOFI,
4313,5420,2020-06-29,PMDA,Mitsubishi Tanabe Pharma,
762,954,1990-11-02,FDA,PFIZER,
2750,1566,2007-05-25,FDA,UCB INC,
5106,5579,,FDA,,
1207,203,1987-01-01,YEAR INTRODUCED,,
838,633,2006-10-20,FDA,TAKEDA GMBH,
2974,2112,2000-12-22,PMDA,Sumitomo Dainippon,
3506,4156,2001-04-04,PMDA,Mitsubishi Tanabe Pharma Corporation,
2228,2336,1985-12-27,FDA,SCIECURE PHARMA INC,
1137,4890,2014-01-17,PMDA,,
2890,4738,1990-08-02,FDA,GLAXOSMITHKLINE,
2851,4269,1980-02-22,FDA,ARMOUR PHARM,
3347,5149,2000-09-20,FDA,EMD SERONO,
3471,3248,,FDA,BAYER PHARMS,
454,703,1975-06-04,FDA,ROCHE,
5087,4962,,FDA,,
2487,1394,1969-07-16,FDA,PHARMICS,
5173,5640,,FDA,,
5312,1329,2022-02-25,PMDA,Taiyo Pharma Co Ltd,
921,2168,2001-12-13,FDA,VALEANT BERMUDA,
2252,836,2001-11-13,FDA,NOVARTIS,
3153,2277,,FDA,,
3470,813,,FDA,NOVARTIS,
3276,4508,,FDA,,
3824,5059,2019-02-18,EMA,SHIONOGI B.V.,
1499,1016,1985-01-01,YEAR INTRODUCED,,
2544,357,,FDA,LILLY,
3668,5224,2017-07-03,EMA,sanofi-aventis groupe,
3454,2306,,FDA,GLAXOSMITHKLINE,
3104,5039,1980-02-02,FDA,ARMOUR PHARM,
5021,5465,2022-02-16,EMA,BAYER AG,
854,3171,2006-07-21,FDA,,
1548,1155,1965-01-01,YEAR INTRODUCED,,
5112,5584,,FDA,,
2540,4347,1952-06-27,FDA,KING PHARMS,
5511,1314,2018-05-24,EMA,Ammtek,True
518,625,1960-04-07,FDA,,
2307,4819,2014-07-04,PMDA,,
2737,1217,1963-03-19,FDA,AQUA PHARMS,
4477,5385,2020-06-29,PMDA,Sanofi K.K.,
2819,4198,1965-12-16,FDA,HOSPIRA,
3388,795,,FDA,,
5285,5706,2022-08-23,EMA,JANSSEN-CILAG INTERNATIONAL N.V.,
174,2808,2006-05-10,FDA,PFIZER INC,
3590,2449,2008-01-25,PMDA,Daiichi Sankyo,
1988,2704,1989-01-01,YEAR INTRODUCED,,
754,942,1999-10-01,FDA,PFIZER,
2559,2271,1954-07-01,FDA,LEDERLE,
3001,5046,2015-11-20,EMA,,
5257,5685,2022-06-20,PMDA,SOLASIA PHARMA K.K,
1094,4647,1986-02-11,FDA,ALCON,
5206,5664,,FDA,,
3389,1627,,PMDA,,
883,1437,1996-03-13,FDA,MERCK SHARP DOHME,
3433,1648,,FDA,ROCHE,
5249,5515,2022-09-15,EMA,ROCHE REGISTRATION GMBH,
827,1066,1981-12-24,FDA,PHARMACIA AND UPJOHN,
2225,4829,2014-11-20,EMA,,
3130,1310,,FDA,,
4591,1622,2021-06-23,PMDA,"FUJIFILM TOYAMA CHEMICAL Co., Ltd.",
703,897,1982-11-05,FDA,VALEANT INTL,
2375,4957,2013-03-04,EMA,,
2878,4519,1985-08-30,FDA,MISSION PHARMA,
257,2017,2000-01-14,FDA,NOVARTIS,
3940,5333,2019-06-10,FDA,GENENTECH,True
3739,5295,2018-11-22,EMA,MERCK SHARP & DOHME B.V.,
4624,906,2021-01-22,PMDA,Kyorin Pharmaceutical Co Ltd,True
1050,4374,2012-06-27,FDA,EISAI INC,
764,1204,1963-02-15,FDA,MEDIMETRIKS PHARMS,
791,4117,2009-09-24,FDA,ALLOS,True
3309,4644,,FDA,,
321,2813,1993-12-28,FDA,WYETH PHARMS INC,
3376,5169,2011-01-21,PMDA,"Chugai Pharmaceutical Co., Ltd",
798,528,1978-09-27,FDA,LILLY,
434,814,2001-12-21,FDA,MERCK SHARP DOHME,
3330,2038,,FDA,,
1255,355,1993-01-01,YEAR INTRODUCED,,
5618,5420,2023-04-24,EMA,AKEBIA EUROPE LIMITED,False
5463,5690,2023-12-23,PMDA,AstraZeneca K.K.,
3323,5129,1991-04-05,FDA,GENZYME,
3698,5284,2018-05-17,FDA,AMGEN INC,
3355,2601,,PMDA,,
5533,1948,2001-08-01,EMA,LINDE HEALTHCARE AB,False
5247,5500,2022-09-19,EMA,ASTRAZENECA AB,
3247,4346,,FDA,,
314,751,1977-08-26,FDA,,
2840,4240,2006-02-16,FDA,DELCOR ASSET,
812,1170,1996-07-25,FDA,SANOFI AVENTIS US,
3064,5088,2003-01-30,FDA,ASTELLAS,
726,2794,2000-08-03,FDA,SUCAMPO PHARMA LLC,
2314,4940,1998-10-09,EMA,,
474,708,1997-11-17,FDA,SANOFI AVENTIS US,
3800,4983,2018-07-02,PMDA,"Chugai Pharmaceutical Co., Ltd.",
4597,5455,2021-07-19,PMDA,"CHUGAI PHARMACEUTICAL Co., Ltd",
3027,5066,2000-06-02,FDA,GENENTECH,
721,565,1983-10-19,FDA,COVIS INJECTABLES,
4275,5396,2020-05-28,FDA,AVID RADIOPHARMS INC,
394,2606,1969-06-03,FDA,,
4068,5353,2019-11-14,FDA,BEIGENE USA INC,True
3947,5337,2019-03-26,PMDA,AbbVie Deutschland GmbH & Co KG,
3703,5289,2018-06-27,FDA,ARRAY BIOPHARMA INC,True
4959,5394,2021-11-18,EMA,DECIPHERA PHARMACEUTICALS (NETHERLANDS) B.V.,True
3575,5226,2017-04-03,FDA,TEVA PHARMS USA INC,
992,4147,1999-12-08,FDA,LIEBEL-FLARSHEIM,
5208,5666,,FDA,,
4663,1128,2008-04-16,PMDA,ASAHI KASEI PHARMA CORPORATION,
3040,4233,2015-12-15,FDA,ORGANON USA INC,
940,1980,1988-10-21,FDA,NOVARTIS,True
5495,760,2015-05-19,EMA,Santen Oy,False
384,928,1951-08-28,FDA,,
4083,5367,2019-12-20,FDA,DAIICHI SANKYO,
1840,2197,1972-01-01,YEAR INTRODUCED,,
4053,5347,2019-08-16,FDA,IMPACT,True
5167,5635,,FDA,,
3012,5055,2015-10-16,FDA,BOEHRINGER INGELHEIM,
818,239,2000-06-30,FDA,PFIZER,
333,2387,1998-03-27,FDA,WARNER CHILCOTT LLC,
1910,2410,1987-01-01,YEAR INTRODUCED,,
4108,5371,2019-09-20,PMDA,Astellas Pharma Inc.,
3100,5121,2013-11-27,FDA,VIFOR FRESENIUS,
2813,3959,1982-03-31,FDA,PRECISION DERMAT,
233,770,1969-06-17,FDA,,
3289,4611,,FDA,,
516,779,1976-06-21,FDA,,
465,2666,1997-03-07,FDA,,
2572,918,1960-09-15,FDA,GD SEARLE LLC,
5505,1040,1999-07-01,EMA,GLAXOSMITHKLINE (IRELAND) LIMITED,False
3672,5243,2017-07-26,EMA,AbbVie Deutschland GmbH & Co. KG,
3169,1379,,FDA,,
947,2977,2001-01-26,FDA,MERCK,
2523,2502,1949-08-16,FDA,LEDERLE,
5541,2351,1998-08-05,EMA,ELI LILLY NEDERLAND B.V.,False
5289,5493,2022-04-29,EMA,IDORSIA PHARMACEUTICALS DEUTSCHLAND GMBH,
4774,2029,2020-10-29,PMDA,"SHIONOGI PHARMA CO., LTD",
431,868,1950-05-11,FDA,FOREST LABS INC,
3114,3035,,FDA,,
4503,5258,2021-03-10,FDA,"AVEO PHARMACEUTICALS, Inc",
3792,5247,2018-01-19,PMDA,Pfizer Japan Inc,
923,2581,2004-04-01,FDA,SANOFI AVENTIS US,
5525,1798,2008-04-25,EMA,Astellas Pharma Europe B.V.,False
510,867,1944-07-31,FDA,ABBVIE,
3154,3462,,FDA,,
3731,5292,2018-07-20,FDA,AGIOS PHARMS INC,True
705,371,2001-03-16,FDA,,
5590,5002,1996-04-30,EMA,Eli Lilly Nederland B.V.,False
2876,4513,1983-12-09,FDA,SANOFI AVENTIS US,
2940,784,2004-10-22,EMA,Merus Labs Luxco S.a R.L.,
4135,1283,2019-06-18,PMDA,Eli Lilly Japan K.K.,
2342,4947,2015-03-06,FDA,ASTELLAS,
4630,157,2021-03-23,PMDA,Insmed GK,
3825,5220,2019-02-18,EMA,SHIONOGI B.V.,
3461,2810,,FDA,PARKE DAVIS,
2294,4933,2009-01-16,EMA,"Chugai Pharmaceutical Co., Ltd",
3223,4259,,FDA,,
3263,4457,,FDA,,
1008,4173,2011-05-23,FDA,VERTEX PHARMS,
4538,5461,2021-05-28,FDA,AMGEN INC,True
457,1933,1996-09-19,FDA,CONCORDIA PHARMS INC,
4271,5393,2020-05-08,FDA,LOXO ONCOLOGY INC,True
2793,2831,1953-02-20,FDA,HOSPIRA,
5159,5627,,FDA,,
2296,4933,2008-03-06,PMDA,"Chugai Pharmaceutical Co., Ltd",
2692,4390,1981-11-05,FDA,WARNER CHILCOTT LLC,
2378,4959,2003-10-27,FDA,GENENTECH,
469,607,1949-10-31,FDA,SANOFI AVENTIS US,
3664,5218,2017-08-22,EMA,Novartis Europharm Ltd,
739,1551,1996-06-05,FDA,PHARMACIA AND UPJOHN,
4548,5471,2021-09-15,FDA,TAKEDA PHARMS USA,True
2999,4893,2015-09-22,FDA,TAIHO ONCOLOGY INC,
2622,4265,1970-06-19,FDA,SCHERING,
761,4110,2009-05-19,FDA,OTSUKA AMERICA PHARM,
2268,4150,2006-06-19,EMA,,
3148,3409,,FDA,,
4577,5483,2021-06-23,PMDA,"SUMITOMO DAINIPPON PHARMA Co., Ltd.",
4948,5500,2021-12-17,FDA,ASTRAZENECA AB,
2317,254,2004-03-02,EMA,,
2875,4505,2008-12-15,FDA,ABBVIE,
785,2351,1997-12-09,FDA,LILLY,True
1044,4355,2006-09-28,FDA,,
5558,3521,2005-02-21,EMA,TEVA B.V.,False
4985,5138,2021-09-27,PMDA,"OHARA PHARMACEUTICAL CO., LTD",True
4622,4182,2012-01-18,PMDA,"Bayer Yakuhin, Ltd.",
218,1523,1970-02-19,FDA,PAR STERILE PRODUCTS,
623,983,1982-12-23,FDA,,
2336,2352,2007-12-20,EMA,,
4493,5424,2021-02-03,FDA,EMD SERONO INC,True
3131,2768,,FDA,,
938,1118,2009-03-30,FDA,NOVARTIS,
2275,88,2003-03-06,EMA,,
2821,4200,1975-08-13,FDA,HOSPIRA,
958,1868,1990-02-13,FDA,GD SEARLE LLC,
2782,2523,1974-04-02,FDA,PURDUE FREDERICK,
2833,4215,,FDA,,
5200,5661,,FDA,,
4296,5376,2020-03-07,EMA,Gilead Sciences Ireland UC,
4639,5087,2021-03-23,PMDA,"Eisai Co., Ltd.",
2636,901,1972-05-31,FDA,ALRA,
2712,450,1995-12-21,FDA,BAYER,
382,1082,1943-06-25,FDA,SCHERING,
1171,109,1963-01-01,YEAR INTRODUCED,,
4085,5279,2019-09-26,EMA,Theratechnologies International Limited,
5088,5563,,FDA,,
2222,4903,2014-11-20,EMA,Boehringer Ingelheim International GmbH,True
3283,4601,,FDA,,
5331,2459,2006-07-19,EMA,BAYER AG,True
4977,5494,2021-09-27,PMDA,"KISSEI PHARMACEUTICAL CO., LTD.",True
5583,4922,2015-09-18,EMA,MERCK SHARP & DOHME B.V.,False
3364,5155,2016-05-27,FDA,INTERCEPT PHARMACEUTICALS INC,
819,538,1987-12-30,FDA,,
3061,5086,2010-01-11,EMA,CIS bio international,
889,2785,1969-10-24,FDA,,
5055,3187,,FDA,,
463,1757,1953-04-09,FDA,FOUGERA PHARMS,
207,1875,1964-03-06,FDA,,
4623,4337,2021-03-23,PMDA,GlaxoSmithKline K.K.,True
931,3972,1996-11-22,FDA,MERCK SHARP DOHME,
814,4105,2002-12-20,FDA,BAXTER HLTHCARE,True
535,1662,1969-11-28,FDA,ALLERGAN,
763,460,1996-12-23,FDA,,
4474,4110,2010-10-27,PMDA,"Otsuka Pharmaceutical Co., Ltd",True
1344,569,1982-01-01,YEAR INTRODUCED,,
391,1386,1943-03-23,FDA,ENDO PHARMS,
1005,4170,2010-11-10,FDA,THERATECHNOLOGIES,
2672,335,1976-09-02,FDA,LANNETT,
4964,247,2021-11-22,EMA,AMIVAS IRELAND LTD,True
3299,4636,,FDA,,
5443,5729,2023-05-12,FDA,ASTELLAS,
4798,4922,2019-01-08,PMDA,MSD K.K.,
2716,632,1979-09-13,FDA,WYETH AYERST,
4043,5300,2019-06-20,EMA,PFIZER EUROPE MA EEIG,
1419,788,1965-01-01,YEAR INTRODUCED,,
2656,704,1974-09-03,FDA,BOEHRINGER INGELHEIM,True
3682,5275,2017-09-26,EMA,Advanced Accelerator Applications,True
4442,871,2020-01-23,PMDA,"Mochida Pharmaceutical Co., Ltd.",
2251,4885,2014-11-22,EMA,,
874,2097,1996-09-26,FDA,JANSSEN PHARMS,True
3648,5273,2017-11-10,EMA,STEBA Biotech S.A,
103,2695,1948-03-17,FDA,NOVARTIS,
4833,4957,2013-06-28,PMDA,Chugai Pharmaceutical,
3039,4937,2015-12-11,FDA,HOFFMAN-LA ROCHE,
3412,2556,,FDA,SANOFI AVENTIS US,
4555,5478,2021-08-20,EMA,UCB Pharma S.A.,
5487,392,2002-05-14,EMA,Janssen-Cilag International N.V.,False
4142,5326,2020-01-13,EMA,Novartis Europharm Limited,
2335,2716,2001-11-27,EMA,,
4456,5334,2020-01-23,PMDA,"Bayer Yakuhin, Ltd",
5425,5714,2023-03-10,FDA,ACADIA PHARMS INC,True
2215,101,1981-04-06,FDA,PAR PHARM,
4753,2373,2001-11-21,PMDA,Schering-Plough,
737,419,1994-02-14,FDA,,
3583,5230,2017-04-27,FDA,BIOMARIN PHARM,
4994,5511,2022-04-28,FDA,MYOKARDIA INC,True
3746,5301,2018-02-23,PMDA,"Shionogi & Co., Ltd.",
4439,4815,2013-05-24,PMDA,Sanofi K.K.,
2804,3064,2009-11-16,FDA,ACORDA,
3762,5309,2018-11-22,EMA,SHIRE PHARMACEUTICALS IRELAND LTD,True
1129,4906,2010-09-01,Korean Food and Drug Administration (KFDA),,
4067,5352,2019-11-14,FDA,SHIONOGI INC,
2979,5000,2015-08-28,FDA,REPATHA,
3183,3630,,FDA,,
43,4236,1992-12-07,FDA,,
2899,4924,2014-09-04,FDA,MERCK SHARP DOHME,
5109,5582,,FDA,,
4450,4916,2020-03-25,PMDA,"Bayer Yakuhin, Ltd",True
2745,1393,1984-01-11,FDA,PURDUE PHARM PRODS,
3217,4248,,FDA,,
4757,4192,2013-09-20,PMDA,PFIZER,True
1975,2655,1988-01-01,YEAR INTRODUCED,,
2749,1505,1968-01-16,FDA,ASTRAZENECA,
75,166,1999-12-03,FDA,DUSA,
1181,133,1972-01-01,YEAR INTRODUCED,,
3138,2144,,FDA,,
3697,1593,2018-05-16,FDA,US WORLDMEDS LLC,
3193,1457,,FDA,,
3605,927,1967-09-05,PMDA,Torii Pharmaceuticals,
142,1506,1991-12-30,FDA,,
1180,130,1978-01-01,YEAR INTRODUCED,,
652,2720,2002-05-21,FDA,UNITED THERAP,True
944,817,1978-02-21,FDA,FERRING PHARMS INC,
5129,5601,,FDA,,
5119,5591,,FDA,,
3789,5063,2017-09-27,PMDA,Janssen Pharmaceutical KK,True
1046,4359,2012-09-04,FDA,WYETH PHARMS INC,True
946,1546,2007-08-30,FDA,IPSEN PHARMA,True
2924,5006,2015-06-22,FDA,MEDICINES CO,
1070,4494,1993-01-08,FDA,GE HEALTHCARE,
975,4191,2008-10-31,FDA,PFIZER,
2301,4935,1999-08-13,EMA,,
3343,5146,1996-12-06,FDA,AMAG PHARMS INC,
2218,388,2008-01-25,PMDA,"Dainippon Sumitomo Pharma Co., Ltd.",
809,2716,2001-03-16,FDA,,
925,2377,1971-05-21,FDA,SANOFI AVENTIS US,
5300,5445,2022-08-17,EMA,ONCOPEPTIDES AB,True
651,2362,2008-04-10,FDA,ASTELLAS,
2337,4187,2012-10-23,EMA,,
5515,1481,1997-08-26,EMA,SANOFI WINTHROP INDUSTRIE,False
5039,5525,,FDA,,
2931,1416,2015-09-08,EMA,,True
748,1212,1959-09-09,FDA,,
3500,5178,2015-11-19,EMA,Swedish Orphan Biovitrum AB,
2144,4349,1927-01-01,YEAR INTRODUCED,,
413,1678,1964-01-17,FDA,GLAXOSMITHKLINE,True
122,2302,1989-10-02,FDA,FRESENIUS KABI USA,
330,1427,1959-04-16,FDA,,
648,2553,2003-11-21,FDA,LILLY,
5008,5461,2022-01-06,EMA,Amgen Europe BV,
4572,5409,2021-06-24,EMA,Roche Registration GmbH,True
765,2366,1997-12-22,FDA,NOVO NORDISK INC,
2391,4966,2009-01-01,EMA,,
2768,2055,1993-12-29,FDA,HOSPIRA,
5526,1802,2011-09-04,EMA,Laboratorios Lesvi S.L.,False
2952,5017,2001-11-14,FDA,BIOVITRUM AB,
241,1184,1970-12-18,FDA,,
2892,4755,2013-03-13,FDA,NAVIDEA BIOPHARMS,
3644,5258,2017-08-24,EMA,EUSA Pharma (UK) Limited,
4038,5340,2019-05-03,EMA,BIOMARIN INTERNATIONAL LIMITED,True
2977,5025,1991-03-05,FDA,BERLEX LABS,
2546,2326,1963-10-18,FDA,SCHERING PLOUGH,
4662,1112,2019-03-26,PMDA,BRISTOL-MYERS SQUIBB K.K.,
3946,5336,2018-05-03,FDA,Portola Pharamceuticals US,
3224,4262,,FDA,,
3574,4937,2017-02-16,EMA,Roche Registration Limited,
4280,5400,2020-01-23,PMDA,Anerem,
5458,4410,2009-07-30,EMA,Sanofi B.V.,
5255,5684,2022-08-30,PMDA,AstraZeneca K.K.,
2740,1316,1982-05-06,FDA,B BRAUN,
4635,786,2021-02-24,PMDA,"Meiji Seika Pharma Co., Ltd",
4427,5434,2020-12-16,FDA,MACROGENICS INC,
77,2715,1961-02-21,FDA,COVIS PHARMA,
4532,5455,2020-11-21,FDA,"Regeneron Pharmaceuticals, Inc.",
3769,3521,2018-03-23,PMDA,Takeda Pharmaceutical Company Limited,
3165,3279,,FDA,,
2471,4981,1999-09-07,EMA,NovoRapid,
2667,4189,1975-10-03,FDA,ACTAVIS LABS UT INC,
4272,5394,2020-05-15,FDA,DECIPHERA PHARMS,True
709,2356,1991-01-28,FDA,KING PHARMS,
2217,4004,2006-07-26,PMDA,"Otsuka Pharmaceutical Co., Ltd.",
5614,5362,2019-12-09,EMA,UCB PHARMA S.A.,False
3941,5333,2018-04-16,EMA,"ROCHE REGISTRATION LIMITED, UK",True
780,434,1981-12-29,FDA,RECKITT BENCKISER,
4143,5280,2020-01-09,EMA,Instituto Grifols S.A.,
3070,5090,2012-03-09,CDSCO (INDIA),,
3244,4626,,FDA,,
4076,5360,2019-12-20,FDA,EISAI INC,
5512,1329,2012-04-20,EMA,Kyowa Kirin Holdings B.V.,False
223,105,1981-05-01,FDA,SCHERING,
3532,5199,2012-05-01,FDA,PFIZER,True
1114,4801,2013-05-29,FDA,NOVARTIS PHARMS CORP,True
4539,5462,2021-06-01,FDA,SCYNEXIS,
2702,192,1974-12-09,FDA,APOTHECON,
3550,5181,2017-02-07,FDA,KAI PHARMS INC,
2719,679,1986-04-07,FDA,PHARMACIA AND UPJOHN,
3685,5190,,FDA,,
3122,1550,,FDA,,
188,1695,1946-10-23,FDA,NOVARTIS,
5141,5612,,FDA,,
5179,3659,,FDA,,
621,2733,1960-03-09,FDA,,
1844,2213,1982-01-01,YEAR INTRODUCED,,
140,728,1977-04-04,FDA,PHARMACIA AND UPJOHN,
689,183,1992-07-31,FDA,PFIZER,
514,1986,1996-12-18,FDA,ALCON,
907,276,1991-11-01,FDA,,
2332,3312,2005-10-25,EMA,Les Laboratoires Servier,
2921,2706,2007-07-01,PMDA,,
760,242,2002-11-15,FDA,OTSUKA,True
68,2328,1971-06-03,FDA,DAVA PHARMS INC,
293,1904,1996-06-21,FDA,BOEHRINGER INGELHEIM,
3260,4446,,FDA,,
3002,5047,2013-06-26,CDSCO (INDIA),CADILA HEALTHCARE,
3162,2150,,FDA,,
769,546,1981-03-11,FDA,SANOFI AVENTIS US,
832,2396,1994-03-17,FDA,ORGANON USA INC,
2439,4982,2014-05-20,FDA,TAKEDA PHARMS USA,
523,926,1977-09-01,FDA,GD SEARLE LLC,
92,2140,1959-05-04,FDA,,
3529,5183,2016-11-09,EMA,Eli Lilly Nederland B.V.,
3386,5143,2016-06-24,EMA,Bial,
5189,5652,,FDA,,
3261,4448,,FDA,,
4815,4253,2018-09-21,PMDA,"EA Pharma Co., Ltd.",
560,2534,1978-09-27,FDA,MERCK,
363,987,1953-07-16,FDA,MEDICIS,
3438,2039,,FDA,NOVARTIS,
1708,1739,1965-01-01,YEAR INTRODUCED,,
3050,5081,2016-01-28,FDA,MERCK SHARP DOHME,
2425,4955,2007-12-03,EMA,Amgen Europe B.V.,
2423,4978,2000-02-03,EMA,,
2809,3481,1990-12-13,FDA,ACTAVIS LABS UT INC,
2480,2989,1978-04-17,FDA,SANOFI AVENTIS US,
94,1708,1953-09-11,FDA,STASON PHARMS,
5291,5397,2022-04-25,EMA,Horizon Therapeutics Ireland DAC,
4761,4866,2016-03-28,PMDA,NOVARTIS PHARMA K.K.,
2553,463,1948-11-26,FDA,NOVARTIS,True
744,279,1986-12-31,FDA,BRISTOL MYERS SQUIBB,True
3537,5133,2016-12-05,EMA,AbbVie Ltd,True
4788,4302,2019-06-18,PMDA,AstraZeneca K.K.,
3480,1470,,FDA,BAYER HLTHCARE,
3106,4661,,FDA,,
3403,1683,,FDA,LILLY,
1049,4373,1987-12-23,FDA,,
164,1098,1977-09-01,FDA,PROCTER AND GAMBLE,
225,435,1985-12-30,FDA,GLAXOSMITHKLINE,
4425,5432,2020-12-18,FDA,MYOVANT SCIENCES,
2547,4308,2009-02-24,EMA,Dr. Friedrich Eberth Arzneimittel GmbH,
3646,5271,2017-12-20,FDA,AETERNA ZENTARIS GMBH,True
929,2376,1992-12-23,FDA,PHARMACIA AND UPJOHN,True
2389,4967,2009-04-24,FDA,CENTOCOR ORTHO BIOTECH INC,
3631,5261,2017-11-02,FDA,BAUSCH AND LOMB INC,
3459,1851,,FDA,LILLY,
3767,4086,2017-06-26,PMDA,"Fuji Chemical Industries Co., Ltd.",
246,1690,1942-11-10,FDA,SANOFI AVENTIS US,
4318,5425,2020-01-23,PMDA,Fuji Yakuhin,
3199,3417,,FDA,,
632,396,1998-04-01,FDA,ALCON PHARMS LTD,
4762,4978,2005-01-19,PMDA,"WYETH LEDERLE JAPAN, WYETH",
2845,4250,1983-12-09,FDA,SANOFI AVENTIS US,
1308,497,1959-01-01,YEAR INTRODUCED,,
948,1358,1939-02-09,FDA,ORGANON USA INC,
4432,5360,2020-01-23,PMDA,"Eisai Co., Ltd",
2693,4290,1981-10-06,FDA,BAXTER HLTHCARE,
2855,4287,1982-05-06,FDA,B BRAUN,
288,1971,1964-11-06,FDA,,
5334,5473,2022-12-09,EMA,MIRUM PHARMACEUTICALS INTERNATIONAL B.V.,True
4562,5480,2021-08-26,EMA,BIOMARIN INTERNATIONAL LIMITED,True
1647,1524,1985-01-01,YEAR INTRODUCED,,
5612,5340,2023-03-27,PMDA,BioMarin Pharmaceutical Japan K.K.,True
2,4898,2014-10-10,FDA,HELSINN HLTHCARE,
1002,4167,2010-09-21,FDA,NOVARTIS,
915,1788,1978-08-23,FDA,,
3416,2096,,FDA,WYETH AYERST,
2889,4721,2012-12-21,FDA,AEGERION,True
1119,4826,2014-02-24,FDA,AMYLIN PHARMS LLC,True
2165,4706,1992-01-01,YEAR INTRODUCED,,
5133,5605,,FDA,,
2696,4922,2014-12-19,FDA,CUBIST PHARMS,
2474,4994,2002-07-12,FDA,SANOFI SYNTHELABO,
5572,4684,2012-07-23,EMA,EISAI GMBH,False
696,59,1961-04-05,FDA,SCHERING,
3233,4277,,FDA,,
2666,496,1975-05-02,FDA,MERCK SHARP DOHME,
820,1635,2007-08-06,FDA,VIIV HLTHCARE,
5286,5706,2022-10-25,FDA,JANSSEN BIOTECH,True
4993,5510,2022-04-26,FDA,MYCOVIA PHARMACEUTICALS INC,
4998,5515,2022-01-28,FDA,GENENTECH INC,
5015,5386,2022-01-24,EMA,H. LUNDBECK A/S,
5589,4964,2012-10-25,EMA,Takeda Pharma A/S,True
2365,4954,2004-06-29,EMA,,
5627,5676,2022-09-26,PMDA,"NIPPON BOEHRINGER INGELHEIM CO., LTD.",False
5488,395,2014-02-20,EMA,GALDERMA INTERNATIONAL,False
3777,5237,2017-09-27,PMDA,SANOFI KK,
3319,3887,1988-12-30,FDA,GE HEALTHCARE,
2271,4323,1997-08-14,EMA,,
54,4188,2011-10-14,FDA,APOPHARMA INC,True
5579,4848,2006-04-12,EMA,SANDOZ GMBH,False
144,2589,1999-08-11,FDA,MERCK SHARP DOHME,True
2309,4938,2014-09-26,PMDA,"Kowa Company, Ltd",
3265,4461,,FDA,,
4835,4974,2002-01-17,PMDA,Tanabe Seiyaku,True
2531,2114,1951-06-28,FDA,ABBVIE,
5483,960,1975-03-01,PMDA,SANDOZ PHARMA K.K.,
3708,2448,2007-03-20,EMA,MERCK SHARP DOHME,
4504,5449,2021-02-11,FDA,REGENERON PHARMACEUTICALS,True
3422,1373,,FDA,MERCK,
3090,134,1991-01-01,YEAR INTRODUCED,,
5320,968,2010-07-23,PMDA,"Bayer Yakuhin, Ltd.",
2543,1533,,FDA,,
3316,4732,,FDA,,
2668,2279,1976-02-04,FDA,ALZA,
285,1283,1996-05-15,FDA,LILLY,
3212,4138,,FDA,,
888,1601,2000-09-15,FDA,,
3823,5278,2019-01-14,EMA,JANSSEN-CILAG INTERNATIONAL N.V.,
902,2816,2000-04-12,FDA,VALEANT LUXEMBOURG,
3482,5116,1996-08-26,FDA,STAND HOMEOPATH,
527,2298,1960-12-05,FDA,HIKMA MAPLE,
4587,5284,2021-06-23,PMDA,AMGEN K.K.,
1003,4168,2010-10-28,FDA,SUNOVION PHARMS INC,
1868,2313,1967-01-01,YEAR INTRODUCED,,
2530,2286,1951-03-29,FDA,DELCOR ASSET CORP,
5128,5600,,FDA,,
600,2384,1994-12-30,FDA,ALCON,
3479,4427,1986-10-31,FDA,NOVARTIS,True
2224,4912,2014-11-20,EMA,AbbVie Ltd,
5304,5440,2022-05-31,PMDA,ViiV Healthcare K.K,True
3551,5212,1999-04-13,EMA,Boehringer Ingelheim International GmbH,
304,2512,1953-10-28,FDA,,
806,1827,1995-04-19,FDA,UCB INC,
4653,4174,2012-05-18,PMDA,JANSSEN PHARMACEUTICAL K.K.,True
558,1116,1986-09-30,FDA,,
2341,1770,1959-05-27,FDA,PHARMACIA AND UPJOHN,
1313,521,1988-01-01,YEAR INTRODUCED,,
2472,4993,2014-12-26,PMDA,,
3082,5099,2004-03-02,EMA,,
213,2048,1991-10-31,FDA,,
2243,4920,2014-12-17,FDA,ALCON RES LTD,
3775,5262,2018-03-23,PMDA,MSD KK,
2453,4986,2002-08-22,EMA,Amgen Europe B.V.,
2688,1952,1981-05-28,FDA,FOUGERA,
3139,323,,FDA,,
339,1556,1997-07-25,FDA,NOVARTIS PHARMS,
999,4164,2010-01-25,FDA,NOVO NORDISK INC,
3719,5264,2018-08-23,EMA,ULTRAGENYX PHARM INC,True
3255,4441,,FDA,,
876,2183,1990-06-26,FDA,,
3242,4307,,FDA,,
1021,4227,2012-01-30,FDA,GENENTECH,
3528,5181,2016-11-11,EMA,Amgen Europe B.V.,
5517,1552,1999-09-02,EMA,Sanofi-aventis Deutschland GmbH,False
541,82,1994-03-25,FDA,AUXILIUM PHARMS INC,
4036,5338,2019-02-15,EMA,AOP Orphan Pharmaceuticals AG,True
3197,2690,,FDA,,
2917,3525,2005-09-15,Korean Food and Drug Administration (KFDA),,
470,1820,1970-07-08,FDA,BRISTOL MYERS SQUIBB,
3029,5048,2016-03-31,EMA,Bioprojet Pharma,True
5152,5621,,FDA,,
2615,4794,1968-07-03,FDA,MONARCH PHARMS,
3653,4825,2013-07-05,Ministry of Health of the Russian Federation,Teva,
4590,5275,2021-06-23,PMDA,"FUJIFILM TOYAMA CHEMICAL Co., Ltd.",
4112,3312,2019-09-20,PMDA,"Ono Pharmaceutical Co., Ltd.",
3053,371,2002-03-08,EMA,,
826,544,1984-05-24,FDA,,
2980,5027,2015-09-01,FDA,TESARO INC,
5035,5522,,FDA,,
5616,5388,2021-06-17,EMA,ASTRAZENECA AB,True
2723,769,1986-10-22,FDA,HOSPIRA,
1088,4622,2012-08-30,FDA,FOREST LABS LLC,
4547,5470,2021-08-23,FDA,CARA THERAPEUTICS INC,
366,1992,1991-01-04,FDA,NOVARTIS PHARMS CORP,
4492,4366,2021-01-22,FDA,AURINIA PHARMA U.S.,
1072,4497,2003-03-20,FDA,WARNER IRELAND,
3556,5215,2016-12-19,PMDA,Bristol-Myers Squibb,
4115,4829,2019-09-20,PMDA,Celgene K.K.,
3437,2318,,FDA,SANOFI AVENTIS US,
3112,3244,,FDA,,
5202,5663,,FDA,,
4478,1164,2020-06-29,PMDA,"Hisamitsu Pharmaceutical Co., Inc.",
1128,4905,2004-12-17,FDA,VALEANT PHARMS LLC,
5432,5720,2023-05-04,EMA,CHIESI FARMACEUTICI S.P.A,
4500,5447,2021-03-22,FDA,ZEALAND PHARMA AS,
5442,5728,2023-06-23,FDA,PFIZER INC,
5125,5597,,FDA,,
3933,5327,2019-04-12,FDA,JANSSEN BIOTECH,
3742,5298,2018-10-01,FDA,ALLERGAN INC,
2898,4909,2001-05-07,FDA,GENZYME,
4660,475,1999-03-12,PMDA,Takeda Pharmaceutical Company Limited,
2267,4872,2014-07-31,EMA,PTC Therapeutics International Limited,True
2594,3920,1959-09-02,FDA,MERCK,
53,4187,2011-08-26,FDA,PF PRISM CV,True
303,1552,1998-09-10,FDA,SANOFI AVENTIS US,
4312,5419,2020-09-25,PMDA,Gilead Sciences,
1881,2353,1996-01-01,YEAR INTRODUCED,,
313,2403,1996-09-24,FDA,FRESENIUS KABI USA,
885,2067,1969-03-24,FDA,,
3744,5300,2018-10-16,FDA,PFIZER INC,
4309,5383,2020-05-20,EMA,Bristol-Myers Squibb Pharma EEIG,
443,191,1980-09-22,FDA,LEDERLE,
581,1247,1996-08-05,FDA,PARKE DAVIS,True
2469,878,1978-07-14,FDA,SEBELA IRELAND LTD,
815,200,1999-04-15,FDA,GLAXOSMITHKLINE,
2870,4480,1979-02-02,FDA,BAXTER HLTHCARE,
3317,4790,,FDA,,
283,758,1959-11-16,FDA,BAXTER HLTHCARE,
2312,4810,2014-10-21,EMA,,
5139,5610,,FDA,,
2221,4749,2014-11-20,EMA,Shionogi Limited,
2310,4939,2014-09-26,PMDA,,
4088,5288,2019-09-19,EMA,GW Pharma (International) B.V.,True
3251,4418,,FDA,,
5605,5292,2023-05-04,EMA,LES LABORATOIRES SERVIER,True
1530,1101,1929-01-01,YEAR INTRODUCED,,
3502,4398,2011-03-14,EMA,Nordic Group BV,
4148,5334,2020-03-27,EMA,Bayer AG,
3667,5223,2018-08-01,EMA,Roche Registration GmbH,
4944,5498,2020-12-09,EMA,Novartis Europharm Limited,
282,1421,1988-12-30,FDA,BAXTER HLTHCARE,True
5280,5703,2022-08-31,FDA,GENZYME CORP,True
2685,2042,1980-04-17,FDA,NOVARTIS,
922,2823,1965-11-05,FDA,,
196,2598,1974-03-25,FDA,,
943,2974,1991-03-07,FDA,,
968,777,2014-05-23,FDA,DURATA THERAPS INTL,
3111,4241,,FDA,,
2709,394,1986-03-06,FDA,INTL MEDICATION,
1404,766,1974-01-01,YEAR INTRODUCED,,
3219,4254,,FDA,,
4598,5456,2021-07-19,PMDA,"CHUGAI PHARMACEUTICAL Co., Ltd",
4770,480,2003-04-16,PMDA,"CHUGAI PHARMACEUTICAL CO., LTD.",
276,2616,1998-07-16,FDA,CELGENE,True
4153,5381,2020-02-27,FDA,BIOHAVEN PHARM,
5323,5309,2022-03-28,PMDA,Takeda Pharmaceutical Company Limited,True
4843,5480,2021-11-19,FDA,BIOMARIN PHARM,True
722,299,1991-06-25,FDA,US PHARMS HOLDINGS I,
2839,4239,2000-10-16,FDA,MCNEIL CONS,
1139,4894,2012-06-29,PMDA,,
5188,5651,,FDA,,
3683,5279,2018-03-06,FDA,TAIMED BIOLOGICS USA,True
4039,5340,2018-05-24,FDA,BIOMARIN PHARM,True
3573,5224,2017-03-28,FDA,REGENERON PHARMACEUTICALS,
2613,144,1968-02-14,FDA,ENDO PHARMS,
4997,5514,2022-03-18,FDA,BRISTOL MYERS SQUIBB,True
4818,2872,2008-12-04,PMDA,"Dainippon Sumitomo Pharma Co., Ltd.",
911,2827,1994-12-23,FDA,PIERRE FABRE,
3189,3592,,FDA,,
221,1140,1993-07-29,FDA,MEDA PHARMS,True
4081,5365,2019-11-15,FDA,NOVARTIS PHARMS CORP,True
3179,681,,FDA,,
5596,5151,2017-09-20,EMA,Roche Registration GmbH,False
3527,5084,2016-05-12,EMA,Swedish Orphan Biovitrum AB,True
3152,2780,,FDA,,
2254,4823,2014-12-19,FDA,BIOCRYST,
3738,5295,2018-08-30,FDA,MSD MERCK CO,
135,201,1984-07-31,FDA,SANOFI AVENTIS US,
3368,5159,1996-02-23,EMA,Novo Nordisk A/S,
5091,73,,FDA,,
2415,1782,1979-02-07,FDA,BAXTER HLTHCARE CORP,
2458,4988,2015-04-29,FDA,KYTHERA BIOPHARMS,
1614,1402,1869-01-01,YEAR INTRODUCED,,
5264,5690,2022-10-21,FDA,ASTRAZENECA AB,True
397,1508,1982-05-07,FDA,,
839,4119,2009-11-05,FDA,CELGENE,True
2649,1519,1973-02-13,FDA,APOTHECON,
478,57,1964-12-23,FDA,LILLY,
5314,5336,2022-03-28,PMDA,Alexion Pharma G.K.,True
1211,217,2006-01-01,YEAR INTRODUCED,,
1183,137,1966-01-01,YEAR INTRODUCED,,
5241,5681,2022-09-21,FDA,GUERBET S.A.,
5296,347,2007-02-14,EMA,Orphan Europe S.A.R.L.,
515,1129,1986-10-15,FDA,VALEANT PHARMS NORTH,
3262,4453,,FDA,,
4518,2419,2021-03-26,EMA,TEVA B.V.,
2598,1078,1961-05-10,FDA,ABBVIE,
3765,5311,2018-09-21,PMDA,"Kyorin Pharmaceutical Co., Ltd.",
5282,5704,2022-08-17,EMA,GILEAD SCIENCES IRELAND UNLIMITED COMPANY,
2989,5033,1950-03-22,FDA,BAXTER HLTHCARE,
3624,2427,2017-09-15,FDA,SYMBIOMIX THERAPEUTICS LLC,
4159,5384,2020-03-06,FDA,RECORDATI RARE,True
3696,5283,2018-04-19,FDA,HELSINN HLTHCARE,
315,1223,1989-01-27,FDA,,
4077,5361,2019-12-23,FDA,ALLERGAN,
2170,4719,1964-01-01,YEAR INTRODUCED,,
5027,5264,2022-01-20,PMDA,"AMICUS THERAPEUTICS, INC.",True
2274,4484,2012-07-20,EMA,,
4838,1800,1985-12-30,PMDA,,
5536,2002,1999-03-01,PMDA,"Taiho Pharmaceutical Co, Ltd",False
5234,5676,2022-09-01,FDA,BOEHRINGER INGELHEIM PHARMACEUTICALS INC,True
3795,5265,2017-09-27,PMDA,CSL Behring KK,
5471,5739,2023-08-04,FDA,IVERIC BIO,
767,1751,1953-12-07,FDA,DAVA PHARMS INC,
4825,4175,2011-07-01,PMDA,"Nippon Boehringer Ingelheim Co., Ltd",
3264,4460,,FDA,,
206,1490,1959-07-01,FDA,VALIDUS PHARMS INC,
29,4812,2013-11-22,FDA,JANSSEN PRODS,
2605,614,1965-06-14,FDA,PHARMACIA AND UPJOHN,
4095,4230,2019-06-25,EMA,CIS bio international,
5148,5619,,FDA,,
3464,4072,,FDA,,
2651,4451,1973-12-19,FDA,NOVARTIS,
5318,700,2022-03-11,PMDA,"Fuji Pharma Co., Ltd",
2563,4456,1955-04-27,FDA,PHARMACIA AND UPJOHN,
4559,5439,2021-07-16,EMA,BAYER AG,
505,1475,1986-12-29,FDA,,
2932,5008,2015-06-25,EMA,,
