id,stem,definition,national_name,length,discontinued
512,-azolam,diazepam derivatives,"BAN,USAN",6,
513,-tamab,"antitumor, monoclonal antibodies","BAN,USAN",5,
515,-vimab,"antiviral, monoclonal antibodies","BAN,USAN",5,
516,-virtide,"antiviral, peptides and glycopeptides",USAN,7,
517,-ixibat,"ileal bile acid transporter (IBAT) inhibitors, bile acid reabsorption inhibitors",USAN,6,
518,-lumab,monoclonal antibodies (human origin); immunomodulator,"BAN, USAN",5,
519,-kizumab,monoclonal antibodies (humanized origin); interleukin and interleukin receptors,USAN,7,
520,-kinumab,monoclonal antibodies (humanized origin); interleukin and interleukin receptors,USAN,7,
521,-calcet,calcium-sensing receptors (CaSR) agonists,,6,
522,-ni-,NO2 - derivatives,USAN,2,
523,-vetmab,monoclonal antibodies for veterinary use,USAN,6,
526,-lizumab,monoclonal antibodies (humanized origin); lymphocyte,USAN,7,
527,-sidenib,isocitrate dehydrogenase inhibitors,USAN,7,
528,-rasib,Ras protein inhibitors,USAN,5,
529,-tuximab,monoclonal antibodies (chimeric origin); tumor,USAN,7,
530,-tuzumab,monoclonal antibodies (humanized origin); tumor,USAN,7,
531,-l(i)-umab,monoclonal antibodies (human origin); immunomodulator,"BAN, USAN",6,
532,-pivat,pyruvate kinase activators,USAN,5,
631,-estrant,"estrogen antagonists, including estrogen receptor down-regulators",USAN,7,
632,-metostat,histone N-methyltransferase inhibitors,USAN,8,
633,peg-,"PEGylated compounds, covalent attachment of macrogol (polyethylene glycol) polymer",USAN,3,
634,-afine,"squalene monooxygenase inhibitors, antifungals",USAN,5,
635,-algron,alpha 1-adrenoreceptor agonists,USAN,6,
636,-alkib,ALK (anaplastic lymphoma kinase) inhibitors,USAN,5,
637,-ampator,alpha-amino-3-hydroxy-5-methyl-4-isoxazolepropionic acid (AMPA) receptor modulators,USAN,7,
638,-fotase,alkaline phosphatase; enzymes,USAN,6,
639,-liase,lyases (EC class 4); enzymes,USAN,5,
640,-noflast,"inflammasome protein NLRP3 inhibitors; anti-allergic and anti-inflammatory, not acting as antihistaminics",USAN,7,
641,-atovir,RSV fusion protein inhibitors; antivirals,USAN,6,
642,-capavir,viral capsid and nucleocapsid inhibitors; antivirals,USAN,7,
643,-corvir,core protein (Cp) inhibitors; antivirals,USAN,6,
644,-desivir,"RNA polymerase inhibitors, adenosine analogues, antivirals; depsipeptide derivatives",USAN,7,
645,-trelvir,"antiviral 3CL proteases inhibitors, antivirals",USAN,7,
490,-catib,cathepsin inhibitors,USAN,5,
491,-cel,cell therapy,USAN,3,
492,-cetrapib,cholesteryl ester transfer protein (CETP) inhibitors,USAN,8,
493,-domide,"antineoplastics, thalidomide derivatives",USAN,6,
494,-gepant,calcitonin gene-related peptide receptor antagonists,USAN,6,
495,-tolimod,toll-like receptors (TLR) agonists,USAN,7,
496,-isant,"histamine H3 receptor antagonists, inverse agonists",USAN,5,
497,-laner,"antagonists of GABA (gamma-aminobutyric acid) regulated chloride channels, antiparasitic agents",USAN,5,
499,-orexant,orexin receptor antagonists,USAN,7,
500,-prazan,"proton pump inhibitors, not dependent on acid activation",USAN,6,
501,-siban,oxytocin antagonists,USAN,5,
502,-dustat,hypoxia inducible factor (HIF) prolyl hydroxylase inhibitors,USAN,6,
503,-gacestat,gamma-secretase inhibitors,USAN,8,
504,-tansine,"maytansinoid derivatives, antineoplastics",USAN,7,
505,-reotide,somatostatin receptor agonists/antagonists,USAN,7,
506,-brutinib,agammaglobulinaemia tyrosine kinase (Bruton tyrosine kinase) inhibitors,USAN,8,
507,-trigine,"sodium channel blockers, signal transduction modulators",USAN,7,
508,-tegravir,HIV integrase inhibitors,USAN,8,
509,-zolid,oxazolidinone antibacterials,USAN,5,
510,-vet-,veterinary use,USAN,3,
511,-ditan,antimigraine (5-HT1 receptor agonists),USAN,5,
488,-nonacog,blood factor IX,"BAN,USAN",7,
489,-tridecacog,blood factor XIII,"BAN,USAN",10,
482,-apt-,"aptamers, classical and mirror ones",USAN,3,
483,-nepag,"prostaglandins receptors agonists, non-prostanoids",USAN,5,
484,-siran,"small interfering RNA including siRNA, miRNA and piRNA",USAN,5,
486,-citinib,"Janus kinase inhibitors, antineoplastics",USAN,7,
487,-xetan,chelating agents,USAN,5,
481,-octocog,blood factor VIII,"BAN,USAN",7,
479,-degib,SMO receptor antagonists,USAN,5,
480,-caftor,"cystic fibrosis transmembrane regulator (CFTR) protein modulators, correctors, and amplifiers",USAN,6,
469,-asvir,"antivirals, hepatitis C Virus (HCV) NS5A inhibitors",USAN,5,
470,-traline,serotonin reuptake inhibitors,USAN,7,
471,-metinib,MEK (MAPK kinase) tyrosine kinase inhibitors,USAN,7,
472,-ritide,natriuretic peptides,USAN,6,
473,-rafenib,Raf (Rapidely Accelerated Fibrosarcoma) kinase inhibitors,USAN,7,
474,-glurant,metabotropic glutamate receptors antagonists/negative allosteric modulators,USAN,7,
475,-fensine,"norepinephrine, serotonin, dopamine reuptake inhibitors",USAN,7,
476,-fenacin,muscarinic receptors antagonists,USAN,7,
477,-dotin,synthetic derivatives of dolastatin series,USAN,5,
478,-sudil,Rho protein kinase inhibitors,USAN,5,
468,-xostat,xanthine oxydase and xanthine dehydrogenase inhibitor,"BAN,USAN",6,
467,-ezolid,oxazolidinone antibacterials,USAN,6,
465,-vir,antivirals,"BAN,USAN",3,
466,-leptin,leptin derivatives,USAN,6,
439,-sulfa-,"anti-infectives, sulfonamides","BAN,USAN",5,
440,gli-,antihyperglycaemics,"BAN,USAN",3,
441,-metasone,prednisone and prednisolone derivatives,USAN,7,
442,-betasol,prednisone and prednisolone derivatives,USAN,7,
443,-buterol,"bronchodilators, phenethylamine derivatives","BAN,USAN",7,
444,-nidipine,"calcium channel blockers, nifedipine derivatives","BAN,USAN",8,
445,-testosterone,androgens/anabolic steroids,USAN,12,
446,-gesterone,progestational steroids,USAN,9,
447,-mifene,"antiestrogens or estrogen receptor modulators, clomifene and tamoxifen derivatives",USAN,6,
448,-oxifene,"antiestrogens or estrogen receptor modulators, clomifene and tamoxifen derivatives",USAN,7,
449,-sal-,analgesic anti-inflammatory,USAN,3,
450,-orphan,"opioid receptor antagonists/agonists, morphinan derivates",USAN,6,
451,-dotril,endopeptidase inhibitors,USAN,6,
452,-orphine,"opioid receptor antagonists/agonists, morphinan derivates",USAN,7,
453,-orphone,"opioid receptor antagonists/agonists, morphinan derivates",USAN,7,
454,-floxacin,"antibacterials, nalidixic acid derivatives","BAN,USAN",8,
455,-tepine,tricyclic compounds,USAN,6,
456,trop-,atropine derivatives,USAN,4,
457,-prost,prostaglandins,"BAN,USAN",5,
458,-retin,retinol derivatives,USAN,5,
459,salazo-,phenylazosalicylic acid derivatives antibacterial,USAN,6,
460,-salazine,phenylazosalicylic acid derivatives antibacterial,USAN,8,
461,-salazide,phenylazosalicylic acid derivatives antibacterial,USAN,8,
462,-salan,brominated salicylamide derivatives disinfectant,USAN,5,
463,-patrilat,endopeptidase inhibitors,USAN,8,
464,-orphinol,"opioid receptor antagonists/agonists, morphinan derivates",USAN,8,
44,-bactam,beta-lactamase inhibitors,"BAN,USAN",6,
45,-bamate,"tranquillizers, propanediol and pentanediol derivatives","BAN,USAN",6,
46,-barb-,"hypnotics, barbituric acid derivatives","BAN,USAN",4,True
47,-begron,beta3-adrenoreceptor agonists,USAN,6,
48,-bendazole,"anthelminthics, tiabendazole derivatives",USAN,9,
49,-bersat,"anticonvulsants, benzoylamino-benzpyran derivatives",USAN,6,
50,-bol-,anabolic steroids,"BAN,USAN",3,
51,-bradine,bradycardic agents,,7,
52,-bufen,"non-steroidal anti-inflammatory agents, arylbutanoic acid derivatives",USAN,5,
53,-bulin,"antineoplastics; mitotic inhibitors, tubulin binders",USAN,5,
54,-buzone,"anti-inflammatory analgesics, phenylbutazone derivatives",,6,
55,-butazone,"anti-inflammatory analgesics, phenylbutazone derivatives",USAN,8,
56,-azone,"anti-inflammatory analgesics, phenylbutazone derivatives",USAN,5,
57,-zone,"anti-inflammatory analgesics, phenylbutazone derivatives",USAN,4,
58,-caine,local anaesthetics,"BAN,USAN",5,
59,-cain-,"Class I antiarrhythmics, procainamide and lidocaine derivatives",BAN,4,
60,-calci-,Vitamin D analogues/derivatives,USAN,5,
61,-capone,catechol-O-methyltransferase (COMT) inhibitors,USAN,6,
62,-carbef,"antibiotics, carbacephem derivatives",USAN,6,
63,cef-,"antibiotics, cefalosporanic acid derivatives","BAN,USAN",3,
64,-oxef,"antibiotics, oxacefalosporanic acid derivatives","BAN,USAN",4,
65,cell-,cellulose derivatives,,4,
66,cel-,cellulose derivatives,,3,
67,cell-ate,cellulose ester derivatives for substances containing acidic residues,,7,
68,-cellose,cellulose ether derivatives,,7,
69,-cept,"receptor molecules or membrane ligands, native, modified or synthetic",USAN,4,
70,-bacept,B-cell activating factor receptors,USAN,6,
71,-bercept,vascular endothelial growth factor (VEGF) receptors,USAN,7,
72,-cocept,complement receptors,USAN,6,
73,-farcept,subgroup of interferon receptors,USAN,7,
74,-lefacept,lymphocyte function-associated antigen 3 receptors,USAN,8,
75,-nacept,interleukin-1 receptors,USAN,6,
76,-nercept,Tumour Necrosis Factor (TNF) receptors,USAN,7,
77,-tacept,cytotoxic T lymphocyte-associated antigen 4 (CTLA-4) receptors,USAN,6,
78,-tercept,transforming growth factor receptors,USAN,7,
79,-vircept,antiviral receptors,USAN,7,
80,-cic,hepatoprotective substances with a carboxylic acid group,USAN,3,
81,-ciclib,cyclin dependant kinase inhibitors,USAN,6,
82,-cidin,naturally occurring antibiotics (undefined group),USAN,5,
5,-adol,analgesics,"BAN,USAN",4,
6,-adol-,analgesics,"BAN,USAN",4,
7,-adom,"analgesics, tifluadom derivatives",,4,
8,-afenone,"antiarrhythmics, propafenone derivatives",USAN,7,
9,-afil,inhibitors of phosphodiesterase PDE5 with vasodilator action,USAN,4,
10,-aj-,"antiarrhythmics, ajmaline derivatives",USAN,2,
11,-al,aldehydes,,2,True
12,-aldrate,"antacids, aluminium salts",USAN,7,
13,-ampanel,antagonists of the ionotropic non-NMDA (N-methyl-D-aspartate) glutamate receptors (Namely the AMPA (amino-hydroxymethyl-isoxazole-propionic acid) and/or KA (kainite antagonist) receptors),USAN,7,
14,-andr-,"steroids, androgens",USAN,4,True
15,-anib,angiogenesis inhibitors,USAN,4,
16,-etanide,"diuretics, piretanide derivatives",USAN,7,
17,-oxanide,"antiparasitics, salicylanilides and analogues",USAN,7,
18,-anserin,serotonin receptor antagonists (mostly 5-HT2),"BAN,USAN",7,
19,-antel,anthelminthics (undefined group),USAN,5,
20,-antrone,antineoplastics; anthraquinone derivatives,USAN,7,
21,-arabine,arabinofuranosyl derivatives,USAN,7,
22,-abine,arabinofuranosyl derivatives,USAN,5,
23,-arit,"antiarthritic substances, acting like clobuzarit and lobenzarit",USAN,4,
24,-arol,"anticoagulants, dicoumarol derivatives",USAN,4,True
25,-arone,antiarrhythmics,USAN,5,
26,-arotene,arotinoid derivatives,USAN,7,
27,arte-,"antimalarial agents, artemisinin related compounds",USAN,4,
28,-ase,enzymes,USAN,3,
29,-ast,"antiasthmatics or antiallergics, not acting primarily as antihistaminics anti-allergic or anti-inflammatory, not acting as anti-histaminics","BAN,USAN",3,
30,-lukast,leukotriene receptor antagonists,USAN,6,
31,-milast,phosphodiesterase IV (PDE IV) inhibitors,USAN,6,
32,-tegrast,integrin antagonists,USAN,7,
33,-trodast,"thromboxane A2 receptor antagonists, antiasthmatics",USAN,7,
34,-zolast,leukotriene biosynthesis inhibitors,USAN,6,
35,-astine,antihistaminics,"BAN,USAN",6,
36,-azenil,benzodiazepine receptor antagonists/agonists (benzodiazepine derivatives),,6,
37,-carnil,benzodiazepine receptor antagonists/agonists (carboline derivatives),,6,
38,-quinil,"benzodiazepine receptor agonists, also partial or inverse (quinoline derivatives)",,6,
39,-azepam,diazepam derivatives,"BAN,USAN",6,
40,-azepide,"cholecystokinin receptor antagonists, benzodiazepine derivatives",USAN,7,
41,-azocine,"narcotic antagonists/agonists related to 6,7-benzomorphan",USAN,7,
42,-azoline,"antihistaminics or local vasoconstrictors, antazoline derivatives",USAN,7,
43,-azosin,"antihypertensive substances, prazosin derivatives",USAN,6,
83,-ciguat,guanylate cyclase activators and stimulators,,6,
84,-cillin,"antibiotics, 6-aminopenicillanic acid derivatives","BAN,USAN",6,
85,-cillide,"antibiotics, 6-aminopenicillanic acid derivatives","BAN,USAN",7,
86,-cillinam,"antibiotics, 6-aminopenicillanic acid derivatives","BAN,USAN",8,
87,-citabine,"nucleosides antiviral or antineoplastic agents, cytarabine or azacitidine derivatives",USAN,8,
88,-clidine,muscarinic receptors agonists/antagonists,USAN,7,
89,-clidinium,muscarinic receptors agonists/antagonists,USAN,9,
90,-clone,hypnotic tranquillizers,USAN,5,
91,-cog,blood coagulation factors,,3,
92,-cogin,blood coagulation cascade inhibitors,,5,
93,-conazole,"systemic antifungal agents, miconazole derivatives","BAN,USAN",8,
94,-cort-,"corticosteroids, except prednisolone derivatives","BAN,USAN",4,
95,-coxib,selective cyclo-oxygenase inhibitors,USAN,5,
96,-crinat,"diuretics, etacrynic acid derivatives",USAN,6,
97,-crine,acridine derivatives,USAN,5,True
98,-cromil,"antiallergics, cromoglicic acid derivatives",USAN,6,
99,-cycline,"antibiotics, protein-synthesis inhibitors, tetracycline derivatives","BAN,USAN",7,True
100,-dan,"cardiac stimulants, pimobendan derivatives",USAN,3,
101,-dapsone,"antimycobacterials, diaminodiphenylsulfone derivatives",USAN,7,
102,-denoson,adenosine A receptor agonists,USAN,7,
103,-dil,vasodilators,USAN,3,
104,-dilol,vasodilators,USAN,5,
105,-fradil,calcium channel blockers acting as vasodilators,USAN,6,
106,-pendyl,vasodilators,USAN,6,
107,-dyl,vasodilators,USAN,3,
108,-dipine,"calcium channel blockers, nifedipine derivatives","BAN,USAN",6,
109,-dismase,enzymes with superoxide dismutase activity,,7,
110,-dopa,"dopamine receptor agonists, dopamine derivatives, used as antiparkinsonism/prolactin inhibitors",USAN,4,
111,-opamine,dopaminergic agents dopamine derivatives used as cardiac stimulant/antihypertensives/diuretics,USAN,7,
112,-dralazine,"antihypertensives, hydrazinephthalazine derivatives",USAN,9,
113,-drine,sympathomimetics,,5,
114,-frine,"sympathomimetic, phenethyl derivatives",,5,
115,-dronic acid,"calcium metabolism regulator, pharmaceutical aid",USAN,11,
116,-ectin,"antiparasitics, ivermectin derivatives",USAN,5,
117,-emcinal,"erythromycin derivatives lacking antibiotic activity, motilin agonists",USAN,7,
118,-entan,endothelin receptor antagonists,USAN,5,
119,-erg-,ergot alkaloid derivatives,USAN,3,
120,-eridine,"analgesics, pethidine derivatives and other synthetic small molecule miu-opioid receptor agonists",USAN,7,
121,-ermin,growth factors,USAN,5,
122,-bermin,vascular endothelial growth factors,USAN,6,
123,-dermin,epidermal growth factors,USAN,6,
124,-fermin,fibroblast growth factors,USAN,6,
125,-filermin,leukemia-inhibiting factor,USAN,8,
126,-nermin,tumour necrosis factor,USAN,6,
127,-plermin,platelet-derived growth factor,USAN,7,
128,-sermin,insulin-like growth factors,USAN,6,
129,-termin,transforming growth factor,USAN,6,
130,-otermin,bone morphogenic proteins,USAN,7,
131,-estr-,estrogens,"BAN,USAN",4,
132,-gestr-,estrogens,"BAN,USAN",5,
133,-exine,"mucolytic, bromhexine derivatives",,5,
134,-fenamic acid,"anti-inflammatory, anthranilic acid derivatives",USAN,12,
135,-fenamate,"anti-inflammatory, anthranilic acid derivatives",USAN,8,
136,-fenin,diagnostic aids; (phenylcarbamoyl)methyl iminodiacetic acid derivatives,USAN,5,
137,-fenine,"analgesics, glafenine derivatives (subgroup of fenamic acid group)",USAN,6,
138,-phenine,"analgesics, glafenine derivatives (subgroup of fenamic acid group)",USAN,7,
139,-fentanil,"opioid receptor agonists, analgesics, fentanyl derivatives",USAN,8,
140,-fentrine,inhibitors of phosphodiesterases,USAN,8,
141,-fiban,fibrinogen receptor antagonists (glycoprotein IIb/IIIa receptor antagonists),USAN,5,
142,-fibrate,"clofibrate derivatives, peroxisome proliferator activated receptor-alpha(PPAR-alpha) agonists	","BAN,USAN",7,
143,-flapon,5-lipoxygenase-activating protein (FLAP) inhibitors,"BAN,USAN",6,
144,-flurane,halogenated compounds used as general inhalation anaesthetics,USAN,7,
145,-formin,"antihyperglycaemics, phenformin derivatives",USAN,6,True
146,-fos,"insecticides, anthelminthics, pesticides etc., phosphorous derivatives",USAN,3,
147,-vos,"insecticides, anthelminthics, pesticides etc., phosphorous derivatives",USAN,3,
148,-fos-,"insecticides, anthelminthics, pesticides etc., phosphorous derivatives",USAN,3,
149,fos-,"insecticides, anthelminthics, pesticides etc., phosphorous derivatives",USAN,3,
150,-fosfamide,alkylating agents of the cyclophosphamide group,USAN,9,
151,-fosine,cytostatic,USAN,6,
152,-fungin,antifungal antibiotics,USAN,6,
153,-fylline,N-methylated xanthine derivatives,USAN,7,
154,-gab-,gabamimetic agents,USAN,3,
155,gado-,"diagnostic agents, gadolinium derivatives",USAN,4,
156,-gatran,"thrombin inhibitors, antithrombotic agents",USAN,6,
157,-gene,gene therapy products,USAN,4,
158,-gest-,"steroids, progestogens","BAN,USAN",4,
159,-giline,monoamine oxydase (MAO)-inhibitors type B,USAN,6,
160,-gillin,antibiotics produced by Aspergillus strains,USAN,6,
161,-gli-,antihyperglycaemics,"BAN,USAN",3,
162,gly-,antihyperglycaemics,"BAN,USAN",3,
163,-gliflozin,"sodium glucose co-transporter inhibitors, phlorizin derivatives",USAN,9,
164,-gliptin,dipeptidyl aminopeptidase-IV inhibitors,USAN,7,
165,-glitazar,"dual peroxisome proliferator activated receptors-alpha and gamma(PPAR-alpha,gamma) agonists",USAN,8,
166,-glitazone,"peroxisome proliferator activating receptor-gamma (PPAR-gamma) agonists, thiazolidinedione derivatives",USAN,9,
167,-glumide,"cholecystokinine antagonists, antiulcer, anxiolytic agents",USAN,7,
168,-golide,"dopamine receptor agonists, ergoline derivatives",USAN,6,
169,-grel-,platelet aggregation inhibitors,USAN,4,
170,-grel,platelet aggregation inhibitors,USAN,4,
171,guan-,"antihypertensives, guanidine derivatives",USAN,4,
172,-icam,"anti-inflammatory, isoxicam derivatives",USAN,4,
173,-ifene,"antiestrogens or estrogen receptor modulators, clomifene and tamoxifen derivatives",USAN,5,
174,-ilide,class III antiarrhythmics,USAN,5,
175,-imex-,immunostimulants,USAN,4,True
176,-imibe,"antihyperlipidaemics, acyl CoA: cholesterol acyltransferase (ACAT) inhibitors",USAN,5,
177,-imod,"immunomodulators, both stimulant/suppressive and stimulant",USAN,4,
178,-mapimod,mitogen-activated protein (MAP) kinase inhibitors,USAN,7,
179,-imus,immunosuppressants,USAN,4,
180,-rolimus,"immunosuppressants, rapamycin derivatives",USAN,7,
181,-ine,alkaloids and organic bases,USAN,3,True
182,io-,iodine-containing contrast media,"BAN,USAN",2,
183,-io-,"radiopharmaceuticals, iodine-contained",,2,
184,-irudin,hirudin derivatives,USAN,6,
185,-isomide,"class I antiarrhythmics, disopyramide derivatives",USAN,7,
186,-ium,quaternary ammonium compounds,"BAN,USAN",3,
187,-curium,neuromuscular blocking agents with rigid structure,USAN,6,
188,-curonium,neuromuscular blocking agents with rigid structure,USAN,8,
189,-izine,diphenylmethyl piperazine derivatives,,5,
190,-yzine,diphenylmethyl piperazine derivatives,,5,
191,-rizine,antihistaminics/cerebral (or peripheral) vasodilators,,6,
192,-kacin,"antibiotics, kanamycin and bekanamycin derivatives (obtained from Streptomyces kanamyceticus)",USAN,5,
193,-kalant,potassium channel blockers,USAN,6,
194,-kalim,"potassium channel activators, antihypertensive","BAN,USAN",5,
195,-kef-,"enkephalin, endorphin and dynorphin opioid delta, miu and kappa receptor agonists",USAN,3,
196,-kin,interleukin type substances,USAN,3,
197,-nakin,interleukin-1 analogues and derivatives,USAN,5,
198,-leukin,interleukin-2 analogues and derivatives,USAN,6,
199,-trakin,interleukin-4 analogues and derivatives,USAN,6,
200,-exakin,interleukin-6 analogues and derivatives,USAN,6,
201,-octakin,interleukin-8 analogues and derivatives,USAN,7,
202,-decakin,interleukin-10 analogues and derivatives,USAN,7,
203,-elvekin,interleukin-11 analogues and derivatives,USAN,7,
204,-dodekin,interleukin-12 analogues and derivatives,USAN,7,
205,-tredekin,interleukin-13 analogues and derivatives,USAN,8,
206,-octadekin,interleukin-18 human analogues and derivatives,USAN,9,
207,-enicokin,interleukin -21 human analogues and derivatives,USAN,8,
208,-plestim,interleukin-3 analogues and derivatives,USAN,7,
209,-kinra,interleukin receptor antagonists and interleukin antagonists,USAN,5,
210,-nakinra,interleukin-1 receptor antagonists,USAN,7,
211,-trakinra,interleukin-4 receptor antagonists,USAN,8,
212,-kiren,renin inhibitors,USAN,5,
213,-lisib,"phosphatidylinositol 3-kinase inhibitors, antineoplastics",USAN,5,
214,-lubant,leukotriene B4 receptor antagonists,USAN,6,
215,-lutamide,non-steroid antiandrogens,USAN,8,
216,-mab,monoclonal antibodies,"BAN,USAN",3,
217,-amab,rat origin,"BAN,USAN",4,
218,-emab,hamster origin,"BAN,USAN",4,
219,-imab,primate origin,"BAN,USAN",4,
220,-omab,mouse origin,"BAN,USAN",4,
221,-umab,human origin,"BAN,USAN",4,
222,-ximab,chimeric origin,"BAN,USAN",5,
223,-xizumab,chimeric/humanized,"BAN,USAN",7,
224,-zumab,humanized origin,"BAN,USAN",5,
225,-mantadine,adamantane derivatives,USAN,9,
226,-mantine,adamantane derivatives,USAN,7,
227,-mantone,adamantane derivatives,USAN,7,
228,-meline,cholinergic agents (muscarine receptor agonists/partial antagonists used in the treatment of Alzheimer's disease),USAN,6,
229,mer-,"mercury-containing drugs, antimicrobial or diuretic",,3,
230,-mer-,"mercury-containing drugs, antimicrobial or diuretic",,3,True
231,-mer,polymers,USAN,3,
232,-mesine,sigma receptor ligands,USAN,6,
233,-mestane,aromatase inhibitors,USAN,7,
234,-metacin,"anti-inflammatory, indometacin derivatives","BAN,USAN",7,
235,-micin,"aminoglycosides, antibiotics obtained from various Micromonospora",USAN,5,
236,mito-,"antineoplastics, nucleotoxic agents",,4,True
237,-monam,monobactam antibiotics,USAN,5,
238,-motine,"antivirals, quinoline derivatives",USAN,6,
239,-moxin,"monoamine oxidase inhibitors, hydrazine derivatives",USAN,5,True
240,-mulin,"antibacterials, pleuromulin derivatives",USAN,5,
241,-mustine,"antineoplastic, alkylating agents, (beta-chloroethyl)amine derivatives",USAN,7,
242,-mycin,"antibiotics, produced by Streptomyces strains","BAN,USAN",5,
243,-nab-,cannabinoid receptors agonists,USAN,3,
244,-nabant,cannabinoid receptors antagonists,USAN,6,
245,nal-,opioid receptor antagonists/agonists related to normorphine,USAN,3,
246,-nicline,nicotinic acetylcholine receptor partial agonists/agonists,USAN,7,
247,nico-,nicotinic acid or nicotinoyl alcohol derivatives,,4,
248,nic-,nicotinic acid or nicotinoyl alcohol derivatives,,3,
249,-nicate,antihypercholesterolaemic and/or vasodilating nicotinic acid esters,,6,
250,-nidazole,"antiprotozoals and radiosensitizers, metronidazole derivatives",,8,
251,nifur-,5-nitrofuran derivatives,USAN,5,True
252,nitro-,NO2 - derivatives,,5,
253,nitr-,NO2 - derivatives,,4,
254,nit-,NO2 - derivatives,,3,
255,-nit-,NO2 - derivatives,,3,
256,-nixin,"anti-inflammatory, anilinonicotinic acid derivatives",USAN,5,
257,-ol,for alcohols and phenols,,2,True
258,-olol,beta-adrenoreceptor antagonists,"BAN,USAN",4,
259,-alol,aromatic ring -CH(-OH)-CH2-NH-R,"BAN,USAN",4,
260,-one,ketones,,3,True
261,-onide,"steroids for topical use, acetal derivatives","BAN,USAN",5,
262,-onidine,alpha-2 adrenoreceptor agonists,,7,
263,-nidine,alpha-2 adrenoreceptor agonists,,6,
264,-orex,anorexics,"BAN,USAN",4,
265,-orphan-,"opioid receptor antagonists/agonists, morphinan derivates",USAN,6,
266,-orph-,"opioid receptor antagonists/agonists, morphinan derivates",USAN,4,
267,-ox,"antacids, aluminium derivatives",,2,
268,-alox,"antacids, aluminium derivatives",,4,
269,-dox,"antibacterials, quinazoline dioxide derivatives",,3,
270,-pirox,"antimycotics, pyridone derivatives",USAN,5,
271,-xanox,"antiallergics, tixanox group",,5,
272,-oxacin,"antibacterials, nalidixic acid derivatives","BAN,USAN",6,
273,-oxan,benzodioxane derivatives,USAN,4,
274,-oxane,benzodioxane derivatives,USAN,5,
275,-oxetine,"serotonin and/or norepinephrine reuptake inhibitors, fluoxetine derivatives",USAN,7,
276,-pafant,platelet-activating factor antagonists,"BAN,USAN",6,
277,-pamide,"diuretics, sulfamoylbenzoic acid derivatives",USAN,6,
278,-pamil,"calcium channel blockers, verapamil derivatives",USAN,5,
279,-parcin,glycopeptide antibiotics,USAN,6,
280,-parib,poly-ADP-ribose polymerase inhibitors,USAN,5,
281,-parin,heparin derivatives including low molecular mass heparins,USAN,5,
282,-parinux,synthetic heparinoids,USAN,7,
283,-penem,analogues of penicillanic acid antibiotics modified in the five-membered ring,USAN,5,
284,perfl-,perfluorinated compounds used as blood substitutes and/or diagnostic agents,USAN,5,
285,perflu-,perfluorinated compounds used as blood substitutes and/or diagnostic agents,USAN,6,
286,-perone,"tranquillizers, neuroleptics, 4'-fluoro-4-piperidinobutyrophenone derivatives",USAN,6,
287,-peridol,"antipsychotics, haloperidol derivatives",USAN,7,
288,-peridone,"antipsychotics, risperidone derivatives",USAN,8,
289,-pidem,"hypnotics/sedatives, zolpidem derivatives",USAN,5,
290,-zepine,tricyclic compounds,USAN,6,
291,-pin,tricyclic compounds,USAN,3,
292,-pine,tricyclic compounds,USAN,4,
293,-apine,psychoactive,USAN,5,
294,-cilpine,antiepileptic,USAN,7,
295,-piprant,"prostaglandin receptors antagonists, non-prostanoids",USAN,7,
296,-plact,platelet factor 4 analogues and derivatives,USAN,5,
297,-pladib,phospholipase A2 inhibitors,USAN,6,
298,-planin,glycopeptide antibacterials (Actinoplanes strains),USAN,6,
299,-platin,"antineoplastic agents, platinum derivatives",USAN,6,
300,-plon,"imidazopyrimidine or pyrazolopyrimidine derivatives, used as anxiolytics, sedatives, hypnotics",USAN,4,
301,-poetin,erythropoietin type blood factors,"BAN,USAN",6,
302,-porfin,benzoporphyrin derivatives,USAN,6,
303,-poride,Na+/H+ antiport inhibitor,,6,
304,-pramine,substances of the imipramine group,"BAN,USAN",7,
305,-prazole,"antiulcer, benzimidazole derivatives",USAN,7,
306,-piprazole,"psychotropics, phenylpiperazine derivatives",USAN,9,True
307,-pred-,prednisone and prednisolone derivatives,USAN,4,
308,-olone,steroids not used as glucocorticosteroids,USAN,5,
309,-pressin,vasopressin analogues,USAN,7,
310,-pride,sulpiride derivatives and analogues,"BAN,USAN",5,
311,-pril,angiotensin-converting enzyme inhibitors,"BAN,USAN",4,
312,-prilat,angiotensin-converting enzyme inhibitors,"BAN,USAN",6,
313,-prim,"antimicrobials, dihydrofolate reductase (DHFR) inhibitors, trimethoprim analogues",USAN,4,
314,-pris-,steroidal compounds acting on progesterone receptors,USAN,4,
315,-pristin,"antibacterials, streptogramins, protein-synthesis inhibitors, pristinamycin derivatives",USAN,7,
316,-profen,"anti-inflammatory agents, ibuprofen derivatives","BAN,USAN",6,
317,-prost-,prostaglandins,"BAN,USAN",5,
318,-prostil,"prostaglandins, anti-ulcer",,7,
319,-quidar,drugs used in multidrug resistance; quinoline derivatives,USAN,6,
320,-quine,quinoline derivatives,,5,True
321,-racetam,"amide type nootrope agents, piracetam derivatives","BAN,USAN",7,
322,-racil,uracil type antineoplastics,USAN,5,
323,-thiouracil,uracil derivatives used as thyroid antagonists,USAN,10,
324,-relin,pituitary hormone-release stimulating peptides,"BAN,USAN",5,
325,-morelin,growth hormone release-stimulating peptides,USAN,7,
326,-tirelin,thyrotropin releasing hormone analogues,USAN,7,
327,-relix,"gonadotropin-releasing-hormone (GnRH) inhibitors, peptides",USAN,5,
328,-renone,"mineralocorticoid receptor (MR, MCR, aldosterone receptor) antagonists",USAN,6,
329,-retin-,retinol derivatives,USAN,5,
330,-ribine,"ribofuranyl-derivatives of the ""pyrazofurin"" type",USAN,6,
331,rifa-,"antibiotics, rifamycin derivatives",USAN,4,
332,-rinone,"cardiac stimulants, amrinone derivatives",USAN,6,
333,-rixin,chemokine CXCR receptors antagonists,USAN,5,
334,-rozole,"aromatase inhibitors, imidazole-triazole derivatives",USAN,6,
335,-rsen,antisense oligonucleotides,USAN,4,
336,-rubicin,"antineoplastics, daunorubicin derivatives",USAN,7,
337,sal-,analgesic anti-inflammatory,USAN,3,
338,-sal,analgesic anti-inflammatory,USAN,3,
428,bol-,anabolic steroids,"BAN,USAN",3,
339,-sartan,"angiotensin II receptor antagonists, antihypertensive (non-peptidic)",USAN,6,
340,-semide,"diuretics, furosemide derivatives",USAN,6,
341,-serod,serotonin receptor antagonists and partial agonists,USAN,5,
342,-serpine,derivatives of Rauwolfia alkaloids,USAN,7,True
343,-sertib,serine/threonine kinase inhibitors,USAN,6,
344,-setron,serotonin receptor antagonists (5-HT3),"BAN,USAN",6,
345,som-,growth hormone derivatives,USAN,3,
346,-spirone,"anxiolytics, buspirone derivatives",USAN,7,
347,-stat-,enzyme inhibitors,"BAN,USAN",4,
348,-stat,enzyme inhibitors,"BAN,USAN",4,
349,-castat,dopamine beta-hydroxylase inhibitors,"BAN,USAN",6,
350,-elestat,elastase inhibitors,"BAN,USAN",7,
351,-inostat,histone deacetylase inhibitors,"BAN,USAN",7,
352,-listat,gastrointestinal lipase inhibitors,"BAN,USAN",6,
353,-mastat,matrix metalloproteinase inhibitors,"BAN,USAN",6,
354,-mostat,proteolytic enzyme inhibitors,"BAN,USAN",6,
355,-restat,aldose reductase inhibitors,"BAN,USAN",6,
356,-restat-,aldose reductase inhibitors,"BAN,USAN",6,
357,-vastatin,"antihyperlipidaemic substances, HMG CoA reductase inhibitors",USAN,8,
358,-steine,mucolytics,BAN,6,
359,-ster-,androgens/anabolic steroids,USAN,4,
360,-steride,testosterone reductase inhibitors,USAN,7,
361,-stigmine,acetylcholinesterase inhibitors,USAN,8,True
362,-stim,colony stimulating factors,USAN,4,
363,-distim,combination of two different types of colony stimulating factors,,6,
364,-gramostim,granulocyte macrophage colony stimulating factor (GM-CSF) types substances,,9,
365,-grastim,granulocyte colony stimulating factor (G-CSF) type substances,,7,
366,-mostim,macrophage stimulating factors (M-CSF) type substances,,6,
367,sulfa-,"anti-infectives, sulfonamides","BAN,USAN",5,
368,-sulfan,"antineoplastic, alkylating agents, methanesulfonates",USAN,6,
369,-tadine,"histamine-H1 receptor antagonists, tricyclic compounds",USAN,6,
370,-tant,neurokinin (tachykinin) receptor antagonists,USAN,4,
371,-pitant,neurokinin NK1 (substance P) receptor antagonist,USAN,6,
372,-dutant,neurokinin NK2 receptor antagonist,USAN,6,
373,-nertant,neurotensin receptor antagonist,USAN,7,
374,-netant,neurokinin NK3 and dual NK3-NK1 receptor antagonists,USAN,6,
375,-tapide,microsomal triglyceride transfer protein (MTP) inhibitors,USAN,6,
376,-taxel,"antineoplastics, taxane derivatives",USAN,5,
377,-tecan,"antineoplastics, topoisomerase I inhibitors",USAN,5,
378,-tepa,"antineoplastics, thiotepa derivatives",USAN,4,
379,-terol,"bronchodilators, phenethylamine derivatives","BAN,USAN",5,
380,-prenaline,"bronchodilators, phenethylamine derivatives","BAN,USAN",9,
381,-terenol,"bronchodilators, phenethylamine derivatives","BAN,USAN",7,
382,-terone,antiandrogens,,6,
383,-tiazem,"calcium channel blockers, diltiazem derivatives",USAN,6,
384,-tibant,bradykinin receptors antagonists,USAN,6,
385,-tide,peptides and glycopeptides,USAN,4,
386,-glutide,glucagon-like peptide (GLP) analogues and agonists,USAN,7,
387,-motide,immunological agents for active immunization,,6,
388,-tidine,"histamine-H2-receptor antagonists, cimetidine derivatives","BAN,USAN",6,
389,-tinib,tyrosine kinase inhibitors,USAN,5,
390,-tizide,"diuretics, chlorothiazide derivatives",USAN,6,
391,-tocin,oxytocin derivatives,USAN,5,
392,-toin,"antiepileptics, hydantoin derivatives",USAN,4,True
393,-trexate,folic acid analogues,USAN,7,
394,-trexed,antineoplastics; thymidylate synthetase inhibitors,USAN,6,
395,-tricin,"antibiotics, polyene derivatives",USAN,6,
396,-tril,endopeptidase inhibitors,USAN,4,
397,-trilat,endopeptidase inhibitors,USAN,6,
398,-triptan,"serotonin (5-HT1) receptor agonists, sumatriptan derivatives",USAN,7,
399,-triptyline,"antidepressants, dibenzo[a,d]cycloheptane or cyclopheptene derivatives",USAN,10,
400,-troban,thromboxane A2-receptor antagonists; antithrombotic agents,USAN,6,
401,-trop-,atropine derivatives,USAN,4,
402,-uridine,uridine derivatives used as antiviral agents and as antineoplastics,USAN,7,
403,-vudine,uridine derivatives used as antiviral agents and as antineoplastics,USAN,6,
404,-vaptan,vasopressin receptor antagonists,USAN,6,
405,-verine,spasmolytics with a papaverine-like action,"BAN,USAN",6,
406,vin-,vinca alkaloids,USAN,3,
407,-vin-,vinca alkaloids,USAN,3,
408,-vir-,antivirals,"BAN,USAN",3,
409,-amivir,antivirals neuraminidase inhibitors,"BAN,USAN",6,
410,-buvir,antivirals RNA polymerase (NS5B) inhibitors,"BAN,USAN",5,
411,-cavir,antivirals carbocyclic nucleosides,"BAN,USAN",5,
412,-ciclovir,antivirals bicyclic heterocycle compounds,"BAN,USAN",8,
413,-fovir,antivirals phosphonic acid derivatives,"BAN,USAN",5,
414,-gosivir,antivirals glucoside inhibitors,"BAN,USAN",7,
415,-navir,HIV protease inhibitors,"BAN,USAN",5,
416,-previr,Hepatitis Virus C (HVC) protease inhibitors,"BAN,USAN",6,
417,-virine,antivirals Non-Nucleoside Reverse Transcriptase Inhibitors (NNRTI),"BAN,USAN",6,
418,-viroc,antivirals CCR5 (Chemokine CC motif receptor 5) receptor antagonists,"BAN,USAN",5,
419,-xaban,"blood coagulation factor XA inhibitors, antithrombotics",USAN,5,
420,-zafone,alozafone derivatives,,6,
421,-zomib,proteasome inhibitors,USAN,5,
422,-zotan,serotonin 5-HT1A receptor agonists/antagonists acting primarly as neuroprotectors,USAN,5,
423,-ac,"anti-inflammatory agents, ibufenac derivatives",USAN,2,
424,-actide,synthetic polypeptides with a corticotropin-like action,USAN,6,
425,ni-,nicotinic acid or nicotinoyl alcohol derivatives,,2,
426,cort-,"corticosteroids, except prednisolone derivatives","BAN,USAN",4,
427,barb-,"hypnotics, barbituric acid derivatives","BAN,USAN",4,True
429,andr-,"steroids, androgens",USAN,4,True
430,estr-,estrogens,"BAN,USAN",4,
431,calci-,Vitamin D analogues/derivatives,USAN,5,
432,-stan-,androgens/anabolic steroids,USAN,4,True
433,-sterone,androgens/anabolic steroids,USAN,7,
434,pred-,prednisone and prednisolone derivatives,USAN,4,
435,-barb,"hypnotics, barbituric acid derivatives","BAN,USAN",4,True
436,-bolone,anabolic steroids,"BAN,USAN",6,
437,-bol,anabolic steroids,"BAN,USAN",3,
438,-methasone,prednisone and prednisolone derivatives,USAN,9,
646,-virenz,"benzoxazinone derivatives, antivirals",USAN,6,
647,-virimat,"antivirals, disruptors of viral maturation",USAN,7,
648,-batinib,BCR-ABL kinases inhibitors; tyrosine kinase inhibitors,USAN,7,
649,-gratinib,fibroblast growth factor receptors (FGFR) inhibitors; tyrosine kinase inhibitors,USAN,8,
650,-toran,toll-like receptor antagonists,USAN,5,
651,-trep,transient receptor potential antagonists,USAN,4,
652,-trombopag,thrombopoietin agonists,USAN,9,
653,-vancin,vancomycin related compounds,USAN,6,
654,-vatein,protein vaccine substances,USAN,6,
655,-covatein,"protein vaccine substances, coronavirus",USAN,8,
656,-citide,cardiovascular; peptides and glycopeptides,USAN,6,
657,-dutide,oxyntomodulin analogues and other dual agonists of glucagon-like peptide receptor 1 (GLP-1R) and glucagon receptor (GCGR); peptides and glycopeptides,USAN,6,
658,-fibatide,platelet aggregation inhibitor (GPIIb/IIIa receptor antagonist); peptides and glycopeptides,USAN,8,
659,-lintide,amylin derivatives and analogues; peptides and glycopeptides,USAN,7,
660,-melanotide,melanocortin receptor agonists; peptides and glycopeptides,USAN,10,
661,-netide,neurological; peptides and glycopeptides,USAN,6,
662,-paratide,parathyroid hormone analogues; peptides and glycopeptides,USAN,8,
663,-pultide,"peptides and proteins, used in pulmonary surfactants; peptides and glycopeptides",USAN,7,
664,-votide,"PSMA (prostate-specific membrane antigen, glutamate carboxypeptidase 2)-binding peptides; peptides and glycopeptides",USAN,6,
665,-dacin,"antibiotics, DNA gyrase and topoisomerase IV inhibitors",USAN,5,
666,-codar,pipecolinate derivatives; drugs used in multidrug resistance,USAN,5,
667,-cridar,acridinecarboxamide derivatives; drugs used in multidrug resistance,USAN,6,
668,-spodar,ciclosporin D derivatives; drugs used in multidrug resistance;,USAN,6,
669,-delpar,PPAR delta agonists,USAN,6,
670,-depsin,depsipeptide derivatives,USAN,6,
671,-dirsen,"splice-switching oligonucleotides, muscular dystrophies; antisense oligunucleotides",USAN,6,
672,-drimer,dendritic polymers (dendrimers); polymers,USAN,6,
673,-ectedin,ecteinascidin derivatives,USAN,7,
674,-fadine,monoamine transport inhibitors,USAN,6,
675,-farnib,farnesyl transferase inhibitors,USAN,6,
676,-fenicol,"antibacterial antibiotics, chloramphenicol analogues",USAN,7,
677,-costat,acetyl-CoA carboxylase inhibitors; enzymes inhibitors,USAN,6,
678,-dodstat,dihydroorotate dehydrogenase (DHODH) inhibitors; enzymes inhibitors,USAN,7,
679,-drostat,aldosterone and cortisol synthesis inhibitors; enzymes inhibitors,USAN,7,
680,-folastat,"inhibitors of folate hydrolase 1 (prostate-specific membrane antigen, PSMA); enzymes inhibitors",USAN,8,
681,-glanstat,prostaglandin synthase inhibitors; enzymes inhibitors,USAN,8,
682,-ralstat,kallikrein inhibitors; enzymes inhibitors,USAN,7,
683,-forant,histamine H4 receptor antagonists,USAN,6,
684,-fulven,"antineoplastics, acylfulvene derivatives",USAN,6,
685,-gapil,"neuronal apoptosis inhibitors, GAPDH",USAN,5,
686,-gliatin,glucokinase activators; antihyperglycaemics,USAN,7,
687,-glipron,glucagon-like peptide 1 receptor (GLP1R) agonists; antihyperglycaemics,USAN,7,
688,-grelor,P2Y12 purinoceptor (ADP-glucose receptor) antagonists; platelet aggregation inhibitors,USAN,6,
689,-imepodib,inosine monophosphate dehydrogenase inhibitors,USAN,8,
690,-inapant,inhibitors of inhibition-of-apoptosis proteins (IAPs),USAN,7,
691,-kalner,openers of calcium-activated (maxi-K) K-channels,USAN,6,
692,-loride,"epithelial sodium channel (ENaC) inhibitors, amiloride derivatives",USAN,6,
693,-ami-mab,serum amyloid protein (SAP)/amyloidosis; monoclonal antibodies (mab),USAN,6,
694,-melagon,non-peptidic melanocortin receptor agonists,USAN,7,
695,-menib,menin interaction inhibitors,USAN,5,
696,-metkib,MET (mesenchymal epithelial transition factor) kinases,USAN,6,
697,-moren,non-peptidic growth hormone secretagogues,USAN,5,
698,-nesib,kinesin inhibitors,USAN,5,
699,-neurin,neurotrophins,USAN,6,
700,-nexor,nuclear export inhibitors,USAN,5,
701,-punil,"mitochondrial benzodiazepine receptor (MBR)-selective agonists, also partial or inverse (purine derivatives); benzodiazepine receptor antagonists/agonists",USAN,5,
702,-nod,"nitrogen monoxide (nitric oxide, NO) donors",USAN,3,
703,-nontrine,phosphodiesterase 9 (PDE9) inhibitors,USAN,8,
704,-opran,miu-opioid receptors antagonists,USAN,5,
705,-opterin,pteridine derivatives,USAN,7,
706,-pterin,pteridine derivatives,USAN,6,
707,-osuran,urotensin receptor antagonists,USAN,6,
708,-otilate,"hepatoprotectants, di(propan-2-yl- 2-(2H-1,3-dithiol-2-ylidene)propanedioate and analogues",USAN,7,
709,-parantag,antagonists of heparin and/or low-molecular weight heparins (LMWH),USAN,8,
710,-paxar,protease activated receptor type 1 (PAR1) antagonists,USAN,5,
711,-pertin,glycine transporter inhibitors,USAN,6,
712,-pirdine,serotonin receptor antagonists,USAN,7,
713,-pixant,purinoreceptor (P2X) antagonists,USAN,6,
714,-plam,SMN2 gene splicing modulators (small molecules),USAN,4,
715,-plasinin,inhibitors of plasminogen activator inhibitors-type 1 (PAI-1),USAN,8,
716,-podect,phosphodiesterase 10A (PDE10A) inhibitors,USAN,6,
717,-plenib,Spleen tyrosine kinase (Syk) inhibitors,USAN,6,
718,-prinim,"nootropic agents, purine derivatives",USAN,6,
719,-prodil,N-methyl-D-aspartate (NMDA) receptor antagonists,USAN,6,
720,-protafib,protein tyrosine phosphatase (HPTP) inhibitors,USAN,8,
721,-rocin,aminoacyl-tRNA synthetase inhibitors,USAN,5,
722,-rogant,retinoic acid receptor-related orphan receptor gamma (ROR-gamma) antagonists and inverse agonists,USAN,6,
723,-rpacept,"SIRPalpha receptor proteins; receptor molecules or membrane ligands, native or modified",USAN,7,
724,-tacicept,"TACI (TNFRSF13B)-derived TNF receptors; receptor molecules or membrane ligands, native or modified",USAN,8,
725,-scein,"fluorescent imaging agents, fluorescein derivatives",USAN,5,
726,-sceine,"fluorescent imaging agents, fluorescein derivatives",USAN,6,
727,-setrag,"serotonin (5-HT3/4) receptor agonists, prokinetics",USAN,6,
728,-saicin,"analgesics, capsaicin analogues",USAN,6,
729,-sopasem,superoxide dismutase (SOD) mimetics,USAN,7,
730,-sulind,"antineoplastics, sulindac metabolites",USAN,6,
731,-terkib,ERK (extracellular signal-regulated kinases) inhibitors,USAN,6,
732,-teronel,non-steroid antiandrogens; antiandrogens,USAN,7,
733,-texafin,texaphyrin derivatives,USAN,7,
734,-xian,blood coagulation factor XI inhibitors,USAN,4,
735,-adenant,adenosine receptors antagonists,USAN,7,
736,-bep,"engineered or synthetic scaffold proteins, non-immunoglobulin variable domain derived",USAN,3,
737,-borbactam,"beta-lactamase inhibitors, boronic acid derivatives",USAN,9,
738,-bresib,"inhibitors of the bromodomain and extra-terminal motif (BET) family of bromodomain (BRD) proteins, antineoplastics",USAN,6,
739,-calcet-,calcium-sensing receptors (CaSR) agonists,USAN,6,
740,-cerfont,corticotropin-releasing factor (CRF) receptor antagonists,USAN,7,
741,-cianine,indocyanine fluorescence dye group,USAN,7,
742,-sporin,ciclosporin derivatives,USAN,6,
743,-closporin,ciclosporin derivatives,USAN,9,
744,-copan,complement receptor antagonists or complement inhibitors,USAN,5,
745,-corat,glucocorticoid receptor agonists,USAN,5,
746,-corilant,glucocorticoid receptor antagonists (non-steroidal),USAN,8,
747,-espib,heat shock protein (HSP) 90 inhibitors (other than â€“mycin),USAN,5,
748,-fexor,farnesoid X receptor agonists,USAN,5,
749,-fusp,fusion proteins,USAN,4,
750,-ganan,"antimicrobials, permeability increasing peptides",USAN,5,
751,-golix,gonadotropin releasing hormone (GnRH) antagonists,USAN,5,
752,-inurad,urate transporter inhibitors,USAN,6,
753,-irine,cytotoxic pyrrolobenzodiazepine dimers and analogues,USAN,5,
754,-ixafor-,chemokine CXCR4 antagonists,USAN,6,
755,-leuton,"5-lipo-oxygenase inhibitors, anti-inflammatory",USAN,6,
756,-madlin,E3 ubiquitin-protein ligase Mdm2 (Hdm2) inhibitors,USAN,6,
757,-meran,messenger RNA (mRNA),USAN,5,
758,-nersen,antisense oligunucleotides targeting neurological functions,USAN,6,
759,-demstat,lysine-specific histone demethylase inhibitors,USAN,7,
760,-becestat,beta secretase inhibitors,USAN,8,
761,-glustat,ceramide glucosyltransferase inhibitors,USAN,7,
762,-stinel,N-methly-D-aspartate (NMDA) receptor co-agonists,USAN,6,
763,-enatide,"glucagon-like peptide-1 receptor (GLP1R) agonists, exenatide (exendin-4) and analogues",USAN,7,
764,-ertinib,epidermal growth factor receptor (EGFR) inhibitors,USAN,7,
765,-trectinib,tropomyosin receptor kinase (TRK) inhibitors,USAN,9,
766,-tirom-,"antihyperlidaemics, thyromimetic derivatives",USAN,5,
767,-tirom,"antihyperlidaemics, thyromimetic derivatives",USAN,5,
768,-toclax,"B-cell lymphoma 2 (Bcl-2) inhibitors, antineoplastics",USAN,6,
769,-turev,under the advanced therapy scheme for: oncolytic viruses,USAN,5,
770,-vivint,Wnt signaling inhibitors,USAN,6,
771,-gromab,monoclonal antibodies targeting skeletal muscle mass related growth factors and receptors,USAN,6,
